WESD,GHI,PRCP,SNWD,TAVG,DISCHRG_LAG,DISCHRG
599.4,65.26,5.1,1727.0,-2.5,9.01,9.01
604.5,41.38,2.5,1727.0,0.0,9.01,7.53
596.9,16.83,43.2,1702.0,2.1,7.53,7.21
612.1,35.96,10.2,1651.0,0.0,7.21,8.71
622.3,27.04,10.2,1778.0,0.9,8.71,8.26
652.8,27.08,25.4,1930.0,-3.1,8.26,7.55
665.5,35.79,10.2,2007.0,-4.7,7.55,7.15
688.3,24.58,7.6,2083.0,-0.8,7.15,6.75
696.0,22.75,7.6,2007.0,2.2,6.75,7.56
708.7,47.5,10.2,1981.0,1.4,7.56,17.0
708.7,45.54,0.0,1930.0,2.8,17.0,12.93
711.2,74.04,0.0,1930.0,4.2,12.93,9.49
711.2,87.0,0.0,1905.0,5.5,9.49,7.52
713.7,87.75,0.0,1905.0,5.9,7.52,6.34
716.3,61.29,0.0,1880.0,0.5,6.34,5.56
718.8,54.0,0.0,1854.0,0.3,5.56,4.98
731.5,25.04,7.6,1981.0,0.7,4.98,4.71
769.6,32.0,35.6,2134.0,-0.1,4.71,4.91
769.6,31.71,10.2,2032.0,0.1,4.91,6.19
777.2,27.29,7.6,2083.0,-2.0,6.19,5.68
777.2,37.79,2.5,2032.0,-4.0,5.68,5.09
861.1,35.83,83.8,2388.0,-1.3,5.09,4.86
881.4,68.83,17.8,2286.0,1.3,4.86,9.04
881.4,76.62,0.0,2235.0,0.0,9.04,9.12
881.4,70.29,0.0,2159.0,0.2,9.12,7.6
883.9,73.79,0.0,2210.0,5.1,7.6,6.42
883.9,102.0,0.0,2210.0,5.1,6.42,5.63
889.0,87.0,0.0,2210.0,1.5,5.63,5.01
889.0,110.42,0.0,2210.0,1.7,5.01,4.57
891.5,91.08,0.0,2184.0,5.5,4.57,4.21
894.1,96.21,0.0,2184.0,6.5,4.21,3.93
914.4,45.29,17.8,2184.0,2.5,3.93,4.41
909.3,90.42,0.0,2159.0,0.5,4.41,5.73
909.3,43.92,0.0,2159.0,-3.6,5.73,5.15
919.5,49.25,7.6,2261.0,-5.3,5.15,4.67
922.0,58.08,0.0,2210.0,-7.8,4.67,4.16
922.0,95.46,0.0,2184.0,-9.7,4.16,3.81
927.1,119.46,5.1,2210.0,-5.6,3.81,3.53
952.5,62.58,25.4,2464.0,-6.2,3.53,3.41
975.4,57.5,22.9,2718.0,-9.9,3.41,3.37
995.7,40.29,20.3,2870.0,-9.3,3.37,3.15
1066.8,52.62,71.1,3302.0,-4.7,3.15,4.09
1122.7,50.21,55.9,3480.0,-2.6,4.09,8.95
1127.8,103.42,5.1,3327.0,-3.9,8.95,7.19
1145.5,58.62,10.2,3378.0,-2.4,7.19,6.17
1153.2,83.67,2.5,3302.0,-2.8,6.17,6.98
1165.9,101.38,12.7,3404.0,-3.3,6.98,6.5
1170.9,81.0,0.0,3353.0,-5.3,6.5,5.57
1183.6,59.25,2.5,3353.0,-5.6,5.57,4.82
1224.3,89.46,40.6,3607.0,-4.3,4.82,4.61
1242.1,101.79,17.8,3683.0,-4.5,4.61,4.78
1244.6,117.42,0.0,3556.0,-6.7,4.78,4.34
1270.0,58.88,25.4,3708.0,-5.9,4.34,4.11
1272.5,71.58,2.5,3607.0,-4.7,4.11,3.87
1282.7,106.62,7.6,3632.0,-5.5,3.87,3.75
1285.2,127.62,2.5,3556.0,-8.2,3.75,3.57
1303.0,154.0,5.1,3607.0,-10.2,3.57,3.33
1313.2,58.21,0.0,3505.0,-6.8,3.33,3.18
1315.7,156.75,0.0,3429.0,-5.9,3.18,2.99
1319.5,154.96,0.0,3403.5,-5.7,2.99,2.88
1323.3,153.17,0.0,3378.0,-5.5,2.88,2.77
1325.9,182.58,0.0,3353.0,-9.0,2.77,2.7
1331.0,191.12,0.0,3327.0,-9.0,2.7,2.64
1336.0,187.38,2.5,3302.0,-4.0,2.64,2.58
1356.4,100.62,20.3,3404.0,-2.9,2.58,2.59
1364.0,120.5,7.6,3429.0,-5.8,2.59,2.55
1376.7,97.38,12.7,3429.0,-6.5,2.55,2.47
1376.7,181.12,0.0,3429.0,-6.0,2.47,2.39
1379.2,204.67,0.0,3404.0,-3.7,2.39,2.33
1394.5,171.04,15.2,3404.0,-0.5,2.33,2.35
1442.7,148.62,48.3,3734.0,-2.6,2.35,4.09
1447.8,142.5,5.1,3708.0,-2.9,4.09,3.86
1450.3,178.71,0.0,3632.0,-0.8,3.86,3.74
1452.9,202.38,0.0,3581.0,2.3,3.74,3.81
1445.3,200.12,0.0,3505.0,5.3,3.81,4.26
1435.1,219.17,0.0,3429.0,6.5,4.26,4.97
1432.6,233.92,0.0,3353.0,6.9,4.97,5.97
1424.9,231.92,0.0,3277.0,7.9,5.97,7.08
1409.7,232.5,0.0,3226.0,8.3,7.08,8.23
1424.9,198.75,0.0,3150.0,5.2,8.23,8.21
1435.1,185.67,2.5,3124.0,3.2,8.21,7.72
1445.3,166.33,0.0,3073.0,1.3,7.72,7.93
1450.3,141.46,2.5,3073.0,0.4,7.93,6.8
1463.0,127.92,7.6,3099.0,1.8,6.8,6.26
1465.6,217.33,2.5,3073.0,0.6,6.26,7.77
1468.1,152.58,0.0,3048.0,0.9,7.77,6.56
1473.2,181.38,2.5,2997.0,2.3,6.56,5.81
1478.3,159.5,2.5,3023.0,1.8,5.81,5.28
1485.9,214.83,0.0,2997.0,3.4,5.28,4.96
1493.5,202.79,0.0,2972.0,4.5,4.96,4.77
1503.7,226.92,0.0,2921.0,5.6,4.77,4.68
1513.8,192.88,5.1,2870.0,4.8,4.68,4.66
1539.2,155.96,7.6,2845.0,1.8,4.66,5.41
1526.5,173.21,0.0,2819.0,2.6,5.41,5.14
1534.2,133.0,15.2,2845.0,1.2,5.14,5.87
1544.3,115.88,12.7,2946.0,-0.2,5.87,6.74
1546.9,168.96,12.7,2845.0,2.4,6.74,9.71
1569.7,164.58,17.8,2896.0,2.8,9.71,8.91
1582.4,229.12,25.4,2946.0,0.0,8.91,9.37
1625.6,150.25,30.5,3353.0,-0.6,9.37,9.16
1651.0,177.08,33.0,3353.0,0.4,9.16,16.07
1656.1,234.04,12.7,3353.0,1.5,16.07,16.21
1668.8,152.29,15.2,3378.0,-0.4,16.21,13.27
1678.9,196.42,5.1,3378.0,-1.8,13.27,11.73
1678.9,264.71,2.5,3302.0,-0.4,11.73,10.09
1676.4,163.5,5.1,3175.0,1.2,10.09,8.49
1671.3,202.29,0.0,3175.0,2.4,8.49,7.44
1681.5,110.58,2.5,3150.0,6.6,7.44,6.57
1686.6,208.38,5.1,3099.0,4.9,6.57,6.03
1668.8,219.17,2.5,3048.0,2.7,6.03,5.76
1656.1,251.83,2.5,2946.0,3.2,5.76,5.08
1658.6,189.88,7.6,2946.0,4.1,5.08,4.67
1648.5,227.83,0.0,2896.0,4.3,4.67,4.41
1628.1,300.04,0.0,2845.0,3.1,4.41,4.05
1615.4,291.54,0.0,2794.0,6.5,4.05,3.74
1602.7,278.88,0.0,2769.0,3.3,3.74,3.49
1605.3,224.71,7.6,2769.0,-2.1,3.49,3.28
1607.8,271.38,5.1,2769.0,-0.1,3.28,3.14
1605.3,244.54,0.0,2769.0,1.2,3.14,2.99
1602.7,281.88,0.0,2769.0,3.1,2.99,2.83
1595.1,326.62,0.0,2718.0,3.1,2.83,2.72
1590.0,157.92,0.0,2718.0,0.5,2.72,2.61
1585.0,279.67,0.0,2692.0,4.2,2.61,2.52
1577.3,313.38,0.0,2667.0,6.7,2.52,2.45
1562.1,293.25,0.0,2616.0,7.3,2.45,2.37
1544.3,311.21,0.0,2565.0,9.7,2.37,2.28
1524.0,323.71,0.0,2489.0,9.0,2.28,2.2
1501.1,263.79,0.0,2413.0,9.8,2.2,2.12
1478.3,307.88,0.0,2337.0,11.3,2.12,2.04
1440.2,336.92,0.0,2286.0,12.8,2.04,1.97
1407.2,327.88,0.0,2210.0,13.3,1.97,1.92
1371.6,326.42,0.0,2159.0,9.0,1.92,1.86
1338.6,307.12,0.0,2108.0,7.7,1.86,1.82
1328.4,193.46,7.6,2083.0,4.7,1.82,1.85
1308.1,218.96,2.5,2057.0,5.2,1.85,1.91
1295.4,145.54,10.2,1981.0,6.2,1.91,1.87
1267.5,204.58,7.6,1930.0,3.1,1.87,2.05
1226.8,294.29,0.0,1905.0,6.1,2.05,1.83
1196.3,179.17,5.1,1829.0,5.8,1.83,1.88
1183.6,169.71,17.8,1778.0,3.4,1.88,1.83
1173.5,166.75,7.6,1803.0,3.5,1.83,1.78
1148.1,224.88,0.0,1778.0,6.7,1.78,1.69
1115.1,298.17,0.0,1702.0,10.6,1.69,1.63
1092.2,218.33,2.5,1651.0,3.9,1.63,1.6
1084.6,158.5,0.0,1651.0,3.3,1.6,1.63
1049.0,205.46,0.0,1600.0,8.1,1.63,1.67
1005.8,219.88,0.0,1372.0,9.3,1.67,1.55
967.7,300.58,0.0,1397.0,8.8,1.55,1.48
927.1,294.79,0.0,1321.0,8.9,1.48,1.45
881.4,279.46,0.0,1295.0,11.5,1.45,1.4
838.2,331.96,0.0,1194.0,13.8,1.4,1.36
792.5,357.67,0.0,1067.0,12.2,1.36,1.32
741.7,334.54,0.0,991.0,11.6,1.32,1.29
711.2,320.0,0.0,864.0,6.8,1.29,1.24
675.6,362.08,0.0,838.0,8.2,1.24,1.21
655.3,229.46,5.1,762.0,6.8,1.21,1.21
640.1,220.38,7.6,737.0,2.2,1.21,1.26
665.5,255.58,22.9,864.0,1.1,1.26,1.5
668.0,244.08,0.0,813.0,3.7,1.5,1.67
650.2,347.04,0.0,787.0,9.1,1.67,1.34
619.8,323.79,0.0,660.0,12.5,1.34,1.23
563.9,353.5,0.0,584.0,16.4,1.23,1.18
508.0,325.21,0.0,432.0,17.5,1.18,1.14
457.2,355.42,0.0,406.0,13.9,1.14,1.09
431.8,264.88,0.0,152.0,6.1,1.09,1.08
388.6,367.96,0.0,203.0,10.1,1.08,1.07
340.4,342.12,0.0,127.0,11.4,1.07,1.05
287.0,310.21,0.0,102.0,11.2,1.05,1.02
261.6,195.38,7.6,0.0,7.5,1.02,1.0
236.2,227.67,0.0,0.0,3.5,1.0,0.99
231.1,258.33,12.7,0.0,3.2,0.99,0.98
210.8,160.62,5.1,0.0,4.5,0.98,0.96
185.4,190.17,0.0,0.0,6.6,0.96,0.94
165.1,198.83,7.6,0.0,5.3,0.94,0.94
111.8,288.5,0.0,0.0,5.5,0.94,0.93
68.6,304.92,0.0,0.0,7.6,0.93,0.91
43.2,230.25,5.1,0.0,7.1,0.91,0.91
35.6,193.08,5.1,0.0,5.0,0.91,0.96
10.2,263.54,0.0,0.0,6.6,0.96,0.93
0.0,327.75,0.0,0.0,9.4,0.93,0.86
0.0,347.71,0.0,0.0,11.5,0.86,0.83
0.0,322.33,0.0,0.0,11.6,0.83,0.81
0.0,135.75,7.6,0.0,6.2,0.81,0.84
0.0,339.5,0.0,0.0,7.6,0.84,0.94
0.0,294.54,0.0,0.0,9.0,0.94,0.85
0.0,278.25,0.0,0.0,10.2,0.85,0.81
0.0,114.96,5.1,0.0,7.3,0.81,0.79
0.0,134.25,0.0,0.0,6.6,0.79,0.78
0.0,259.96,0.0,0.0,9.1,0.78,0.77
0.0,298.46,2.5,0.0,11.5,0.77,0.75
0.0,181.04,2.5,0.0,10.7,0.75,0.92
0.0,200.75,0.0,0.0,9.7,0.92,1.02
0.0,266.17,0.0,0.0,10.8,1.02,0.81
0.0,280.62,0.0,0.0,10.9,0.81,0.75
0.0,325.75,0.0,0.0,11.8,0.75,0.71
0.0,188.92,25.4,0.0,9.5,0.71,0.78
0.0,240.08,2.5,0.0,10.1,0.78,0.91
0.0,147.21,25.4,0.0,8.7,0.91,0.78
0.0,257.83,0.0,0.0,6.7,0.78,1.07
0.0,305.92,0.0,0.0,7.2,1.07,0.8
0.0,356.71,0.0,0.0,12.9,0.8,0.73
0.0,353.75,0.0,0.0,16.6,0.73,0.69
0.0,342.58,0.0,0.0,15.4,0.69,0.66
0.0,295.5,0.0,0.0,11.0,0.66,0.65
0.0,290.5,0.0,0.0,8.9,0.65,0.64
0.0,350.17,0.0,0.0,14.8,0.64,0.61
0.0,350.71,0.0,0.0,16.5,0.61,0.61
0.0,261.83,0.0,0.0,10.3,0.61,0.6
0.0,345.58,0.0,0.0,11.8,0.6,0.6
0.0,340.83,0.0,0.0,13.1,0.6,0.58
0.0,338.0,0.0,0.0,10.9,0.58,0.57
0.0,336.71,0.0,0.0,12.5,0.57,0.56
0.0,335.54,0.0,0.0,14.9,0.56,0.55
0.0,225.88,0.0,0.0,12.3,0.55,0.65
0.0,332.25,0.0,0.0,13.2,0.65,0.61
0.0,328.62,0.0,0.0,17.5,0.61,0.55
0.0,326.12,0.0,0.0,18.8,0.55,0.53
0.0,324.58,0.0,0.0,19.4,0.53,0.53
0.0,323.21,0.0,0.0,17.9,0.53,0.52
0.0,288.75,0.0,0.0,12.4,0.52,0.53
0.0,255.54,12.7,0.0,12.7,0.53,0.54
0.0,201.21,0.0,0.0,10.9,0.54,0.77
0.0,183.21,5.1,0.0,8.4,0.77,0.61
0.0,313.04,0.0,0.0,10.4,0.61,0.57
0.0,312.92,0.0,0.0,13.9,0.57,0.53
0.0,282.25,0.0,0.0,13.7,0.53,0.51
0.0,283.62,0.0,0.0,12.2,0.51,0.5
0.0,265.17,0.0,0.0,8.8,0.5,0.5
0.0,201.88,0.0,0.0,8.6,0.5,0.51
0.0,292.21,0.0,0.0,11.5,0.51,0.5
0.0,299.04,0.0,0.0,12.1,0.5,0.5
0.0,270.54,0.0,0.0,16.0,0.5,0.48
0.0,135.46,5.1,0.0,11.1,0.48,0.48
0.0,271.42,10.2,0.0,8.6,0.48,0.54
0.0,263.5,0.0,0.0,12.8,0.54,0.51
0.0,222.04,0.0,0.0,10.2,0.51,0.48
0.0,137.5,0.0,0.0,8.4,0.48,0.47
0.0,292.71,0.0,0.0,12.3,0.47,0.46
0.0,291.25,0.0,0.0,17.5,0.46,0.45
0.0,288.25,0.0,0.0,18.9,0.45,0.45
0.0,150.58,2.5,0.0,14.0,0.45,0.45
0.0,254.71,2.5,0.0,13.1,0.45,0.5
0.0,227.96,0.0,0.0,13.5,0.5,0.48
0.0,254.12,0.0,0.0,12.6,0.48,0.46
0.0,271.88,0.0,0.0,12.4,0.46,0.44
0.0,241.62,0.0,0.0,13.7,0.44,0.44
0.0,270.67,0.0,0.0,12.4,0.44,0.44
0.0,215.12,0.0,0.0,17.8,0.44,0.44
0.0,200.83,0.0,0.0,15.0,0.44,0.44
0.0,187.46,2.5,0.0,14.2,0.44,0.45
0.0,165.21,7.6,0.0,8.1,0.45,0.54
0.0,149.88,27.9,0.0,7.3,0.54,0.81
0.0,175.04,7.6,0.0,7.2,0.81,0.96
0.0,207.46,0.0,0.0,8.1,0.96,0.64
0.0,239.5,2.5,0.0,11.4,0.64,0.55
0.0,138.71,7.6,0.0,8.3,0.55,1.04
0.0,124.62,0.0,0.0,8.8,1.04,0.7
0.0,120.62,25.4,0.0,6.6,0.7,1.48
0.0,136.08,5.1,0.0,5.3,1.48,1.45
0.0,104.29,35.6,0.0,5.1,1.45,1.3
0.0,153.96,5.1,0.0,5.4,1.3,2.38
0.0,123.38,0.0,0.0,6.1,2.38,1.62
0.0,68.92,0.0,0.0,6.6,1.62,1.26
0.0,173.0,0.0,0.0,8.2,1.26,1.07
0.0,124.25,20.3,0.0,7.7,1.07,1.07
0.0,101.33,10.2,0.0,5.2,1.07,1.09
0.0,207.71,2.5,0.0,8.0,1.09,0.98
0.0,190.79,0.0,0.0,7.6,0.98,0.92
0.0,126.12,15.2,0.0,8.1,0.92,0.92
0.0,138.08,2.5,0.0,2.2,0.92,0.89
5.1,150.25,0.0,25.0,0.1,0.89,0.89
0.0,143.5,7.6,0.0,-1.2,0.89,0.9
0.0,132.75,0.0,0.0,-0.9,0.9,0.83
0.0,166.0,0.0,0.0,1.5,0.83,0.77
2.5,171.04,2.5,0.0,4.2,0.77,0.74
5.1,121.62,7.6,51.0,2.1,0.74,0.73
5.1,104.08,10.2,25.0,1.7,0.73,0.78
5.1,81.5,0.0,25.0,2.6,0.78,0.87
2.5,178.21,0.0,25.0,6.7,0.87,0.78
0.0,45.92,22.9,0.0,6.7,0.78,0.78
12.7,87.79,15.2,127.0,-0.9,0.78,1.57
10.2,88.75,2.5,76.0,-1.8,1.57,1.66
10.2,182.88,0.0,51.0,1.5,1.66,1.36
10.2,167.88,0.0,25.0,4.9,1.36,1.19
5.1,119.33,0.0,25.0,7.2,1.19,1.06
0.0,58.67,0.0,0.0,3.2,1.06,0.97
0.0,158.25,0.0,0.0,4.4,0.97,0.9
0.0,46.83,0.0,0.0,7.6,0.9,0.85
0.0,47.33,22.9,0.0,5.3,0.85,1.02
20.3,54.62,20.3,51.0,1.6,1.02,1.86
58.4,60.67,35.6,178.0,0.5,1.86,4.44
99.1,101.17,53.3,305.0,0.1,4.44,13.62
104.1,48.79,12.7,279.0,0.5,13.62,6.65
104.1,31.38,33.0,229.0,3.7,6.65,4.27
91.4,118.29,20.3,76.0,4.3,4.27,5.37
96.5,127.58,0.0,76.0,4.1,5.37,4.37
91.4,141.0,0.0,0.0,8.1,4.37,3.44
86.4,64.71,2.5,0.0,4.7,3.44,2.9
86.4,82.38,2.5,0.0,-0.5,2.9,2.5
83.8,140.79,0.0,0.0,-0.5,2.5,2.21
88.9,126.0,0.0,0.0,-1.4,2.21,2.01
154.9,143.25,0.0,0.0,-5.0,2.01,1.82
142.2,134.5,0.0,0.0,3.2,1.82,1.69
147.3,97.83,0.0,0.0,3.2,1.69,1.61
116.8,124.79,0.0,0.0,5.8,1.61,1.52
99.1,123.92,0.0,0.0,8.0,1.52,1.46
88.9,79.04,0.0,0.0,6.8,1.46,1.39
81.3,104.75,0.0,0.0,7.5,1.39,1.32
81.3,121.54,0.0,0.0,8.2,1.32,1.27
76.2,102.92,0.0,0.0,5.8,1.27,1.22
76.2,89.92,0.0,0.0,10.0,1.22,1.17
73.7,82.04,0.0,0.0,10.0,1.17,1.13
76.2,26.96,15.2,0.0,5.3,1.13,1.14
66.0,66.25,2.5,0.0,5.0,1.14,1.13
58.4,68.21,0.0,0.0,5.2,1.13,1.08
53.3,42.33,5.1,0.0,4.8,1.08,1.07
45.7,97.79,0.0,0.0,4.7,1.07,1.04
43.2,74.33,0.0,0.0,7.7,1.04,1.02
43.2,27.12,20.3,0.0,3.3,1.02,1.31
43.2,34.33,7.6,0.0,2.4,1.31,1.32
33.0,49.42,27.9,0.0,5.0,1.32,1.3
33.0,22.04,17.8,0.0,4.4,1.3,1.43
43.2,57.5,15.2,0.0,1.0,1.43,2.79
63.5,98.5,0.0,25.38,0.5,2.79,2.35
114.3,95.88,0.0,50.77,5.1,2.35,2.04
172.7,94.33,0.0,76.15,2.3,2.04,1.8
134.6,54.42,0.0,101.54,1.7,1.8,1.66
91.4,67.54,12.7,126.92,-0.4,1.66,1.67
88.9,67.96,17.8,152.31,-2.7,1.67,1.71
88.9,40.25,0.0,177.69,-5.5,1.71,1.61
86.4,69.58,0.0,203.08,-5.8,1.61,1.55
91.4,73.83,0.0,228.46,-6.2,1.55,1.47
127.0,86.96,0.0,253.85,-4.9,1.47,1.4
165.1,88.71,5.1,279.23,-4.3,1.4,1.36
170.2,35.33,10.2,304.62,-1.9,1.36,1.33
144.8,57.83,2.5,330.0,1.6,1.33,1.28
129.5,40.25,2.5,355.38,2.4,1.28,1.24
119.4,42.17,5.1,380.77,3.1,1.24,1.23
104.1,48.54,0.0,406.15,3.3,1.23,1.18
96.5,44.92,0.0,431.54,4.4,1.18,1.15
106.7,37.38,10.2,456.92,1.4,1.15,1.47
109.2,63.62,7.6,482.31,0.5,1.47,1.33
101.6,77.0,2.5,507.69,1.3,1.33,1.25
116.8,32.0,7.6,533.08,1.7,1.25,1.25
127.0,21.29,7.6,558.46,0.7,1.25,1.51
167.6,20.17,20.3,583.85,-0.5,1.51,4.8
185.4,26.21,45.7,609.23,-1.7,4.8,8.39
193.0,27.0,10.2,634.62,-2.6,8.39,5.51
193.0,23.83,0.0,660.0,-4.1,5.51,4.17
193.0,42.38,2.5,610.0,-2.0,4.17,3.38
193.0,31.71,0.0,610.0,1.2,3.38,2.96
203.2,36.33,10.2,648.0,-0.4,2.96,2.67
228.6,19.29,53.3,686.0,0.1,2.67,4.41
215.9,21.25,81.3,686.0,2.4,4.41,45.98
226.1,27.08,17.8,686.0,0.3,45.98,41.81
233.7,25.0,5.1,686.0,-0.5,41.81,22.01
243.8,28.75,5.1,686.0,-3.5,22.01,13.24
248.9,58.0,0.0,686.0,-5.5,13.24,9.5
251.5,61.62,2.5,686.0,-3.5,9.5,7.44
259.1,62.33,2.5,673.25,-4.3,7.44,6.1
266.7,48.58,7.6,660.5,-2.4,6.1,5.32
269.2,39.5,0.0,647.75,0.1,5.32,4.73
269.2,71.25,0.0,635.0,2.3,4.73,4.32
271.8,29.29,2.5,711.0,0.4,4.32,3.95
330.2,18.75,91.4,737.0,1.3,3.95,4.93
345.4,41.96,27.9,813.0,0.3,4.93,11.3
365.8,31.29,7.6,889.0,-1.5,11.3,10.67
383.5,42.38,30.5,1244.67,2.8,10.67,10.73
426.7,31.5,25.4,1600.33,-3.0,10.73,13.0
467.4,28.71,25.4,1956.0,-2.9,13.0,12.22
599.4,19.83,114.3,2007.0,-0.4,12.22,41.59
645.2,18.12,27.9,1981.0,0.8,41.59,49.66
660.4,53.38,2.5,2108.0,-4.1,49.66,29.04
670.6,49.88,22.9,2298.5,-5.1,29.04,18.49
726.4,19.46,30.5,2489.0,-3.1,18.49,15.3
797.6,32.25,38.1,2642.0,-3.2,15.3,26.93
871.2,34.54,40.6,2682.6,-4.9,26.93,21.72
886.5,43.21,15.2,2723.2,-7.0,21.72,16.19
904.2,33.83,17.8,2763.8,-8.8,16.19,11.72
914.4,28.0,10.2,2804.4,-7.0,11.72,9.3
927.1,41.04,12.7,2845.0,-4.8,9.3,7.92
937.3,46.71,10.2,2845.0,-5.7,7.92,6.67
957.6,40.92,20.3,2845.0,-0.4,6.67,7.06
962.7,53.17,0.0,2794.0,2.6,7.06,7.77
970.3,31.0,0.0,2642.0,2.9,7.77,8.66
1005.8,29.88,5.1,2794.0,-0.2,8.66,10.95
1064.3,28.5,38.1,3048.0,0.3,10.95,14.55
1051.6,30.29,88.9,2718.0,2.6,14.55,21.48
1043.9,36.96,7.6,2794.0,0.8,21.48,27.13
1056.6,73.25,17.8,2642.0,1.2,27.13,20.7
1079.5,66.29,17.8,2845.0,0.5,20.7,17.83
1127.8,48.38,17.8,3023.0,-0.8,17.83,17.78
1150.6,62.33,35.6,3175.0,0.6,17.78,26.57
1191.3,34.83,10.2,3175.0,-0.1,26.57,20.14
1201.4,70.38,55.9,3200.0,0.5,20.14,16.65
1239.5,28.79,55.9,2896.0,4.3,16.65,17.27
1229.4,40.79,27.9,2667.0,-0.5,17.27,28.25
1209.0,82.33,5.1,2565.0,-6.3,28.25,21.56
1214.1,66.71,5.1,2667.0,-6.1,21.56,14.53
1262.4,39.04,48.3,3023.0,-5.1,14.53,11.0
1419.9,32.62,152.4,3378.0,0.1,11.0,10.64
1559.6,34.75,139.7,3556.0,0.9,10.64,19.86
1595.1,37.58,35.6,3581.0,0.5,19.86,31.69
1635.8,81.46,40.6,3708.0,-2.2,31.69,30.06
1640.8,100.33,2.5,3556.0,-3.1,30.06,19.52
1648.5,129.42,0.0,3607.0,-1.7,19.52,13.79
1658.6,83.46,5.1,3531.0,-0.8,13.79,10.72
1666.2,124.08,2.5,3505.0,-1.3,10.72,8.91
1681.5,47.58,10.2,3505.0,-1.9,8.91,7.67
1706.9,114.62,25.4,3658.0,-3.2,7.67,7.0
1760.2,51.96,45.7,4064.0,-2.1,7.0,7.06
1788.2,71.38,15.2,4064.0,-4.1,7.06,7.31
1800.9,62.58,2.5,4064.0,-4.6,7.31,6.57
1803.4,153.67,0.0,4039.0,-5.7,6.57,5.94
1811.0,156.54,0.0,4013.0,-2.6,5.94,5.43
1813.6,156.17,0.0,3988.0,-0.6,5.43,4.97
1818.6,153.54,0.0,3962.0,0.5,4.97,4.58
1821.2,127.5,2.5,3886.0,-0.5,4.58,4.27
1874.5,61.67,25.4,4115.0,-2.6,4.27,4.94
1884.7,97.25,2.5,4089.0,-4.4,4.94,4.93
1889.8,131.46,0.0,4064.0,0.3,4.93,4.56
1897.4,120.46,0.0,4039.0,0.2,4.56,4.36
1902.5,170.29,0.0,3988.0,1.7,4.36,4.16
1915.2,149.33,5.1,3988.0,2.4,4.16,4.08
1948.2,87.5,12.7,4216.0,-3.7,4.08,4.91
1948.2,115.17,2.5,4140.0,-5.4,4.91,4.49
1988.8,114.29,2.5,4293.0,-1.1,4.49,4.27
2009.1,103.29,0.0,4267.0,0.4,4.27,4.54
2011.7,125.67,5.1,4191.0,-1.6,4.54,5.31
2016.8,145.42,2.5,4216.0,1.2,5.31,4.92
2024.4,123.12,7.6,4242.0,-0.2,4.92,5.27
2029.5,129.17,5.1,4242.0,-2.7,5.27,5.17
2034.5,170.46,5.1,4216.0,-4.1,5.17,4.88
2037.1,182.58,2.5,4191.0,-3.2,4.88,4.57
2039.6,72.62,2.5,4140.0,-1.2,4.57,4.26
2042.2,197.54,2.5,4115.0,-0.6,4.26,3.98
2047.2,152.12,5.1,4089.0,-2.1,3.98,3.69
2059.9,124.46,12.7,4166.0,-3.9,3.69,3.59
2072.6,153.08,12.7,4369.0,-7.5,3.59,3.47
2075.2,165.58,2.5,4293.0,-4.8,3.47,3.21
2080.3,216.25,5.1,4293.0,2.0,3.21,3.09
2075.2,216.75,2.5,4242.0,2.5,3.09,3.02
2057.4,219.42,17.8,4191.0,1.4,3.02,2.96
2054.9,205.67,0.0,4166.0,3.1,2.96,2.84
2054.9,226.25,0.0,4115.0,2.9,2.84,2.73
2059.9,224.21,0.0,4064.0,1.5,2.73,2.64
2065.0,228.42,0.0,4039.0,3.2,2.64,2.57
2082.8,131.88,7.6,4039.0,-1.9,2.57,2.81
2103.1,162.75,10.2,4267.0,-2.3,2.81,3.18
2118.4,157.17,12.7,4267.0,-2.9,3.18,3.22
2120.9,152.88,5.1,4242.0,-2.7,3.22,3.19
2138.7,172.58,2.5,4293.0,-1.0,3.19,3.16
2164.1,131.92,17.8,4420.0,0.5,3.16,3.56
2189.5,174.25,17.8,4394.0,0.4,3.56,10.09
2235.2,147.08,12.7,4851.0,-2.1,10.09,15.68
2260.6,182.96,27.9,4902.0,-2.8,15.68,13.26
2265.7,207.38,7.6,4801.0,-2.7,13.26,10.26
2270.8,177.83,0.0,4775.0,-3.9,10.26,8.26
2275.8,170.92,0.0,4699.0,-5.0,8.26,6.85
2283.5,228.67,2.5,4648.0,-2.9,6.85,5.88
2286.0,153.62,20.3,4623.0,1.0,5.88,5.23
2283.5,177.79,0.0,4547.0,1.3,5.23,4.65
2280.9,275.33,0.0,4496.0,0.7,4.65,4.24
2275.8,284.62,0.0,4420.0,6.0,4.24,3.94
2270.8,285.71,0.0,4394.0,8.1,3.94,3.73
2265.7,282.33,0.0,4293.0,5.9,3.73,3.62
2265.7,233.29,0.0,4242.0,0.4,3.62,3.55
2263.1,279.67,0.0,4242.0,1.1,3.55,3.34
2260.6,302.12,0.0,4216.0,2.2,3.34,3.15
2255.5,284.21,0.0,4191.0,3.7,3.15,3.0
2253.0,243.29,0.0,4140.0,3.0,3.0,2.88
2250.4,291.33,0.0,4115.0,4.8,2.88,2.77
2250.4,305.29,0.0,4089.0,6.8,2.77,2.7
2245.4,190.29,5.1,4064.0,2.8,2.7,2.67
2245.4,268.12,0.0,4013.0,3.4,2.67,2.62
2245.4,305.96,0.0,3962.0,5.5,2.62,2.53
2245.4,210.38,0.0,3962.0,2.2,2.53,2.46
2245.4,161.33,22.9,3937.0,2.7,2.46,2.6
2247.9,261.5,10.2,3937.0,2.2,2.6,2.81
2245.4,188.12,2.5,3886.0,3.4,2.81,2.52
2242.8,222.33,15.2,3861.0,3.2,2.52,3.03
2237.7,278.46,5.1,3861.0,3.6,3.03,2.76
2240.3,197.04,10.2,3810.0,2.9,2.76,3.32
2235.2,267.96,0.0,3785.0,6.1,3.32,2.93
2232.7,144.42,10.2,3734.0,8.8,2.93,2.72
2230.1,232.29,2.5,3683.0,1.7,2.72,2.66
2227.6,271.17,2.5,3683.0,3.4,2.66,2.46
2227.6,137.12,17.8,3658.0,3.2,2.46,3.22
2225.0,245.92,12.7,3683.0,-0.1,3.22,5.21
2212.3,237.62,0.0,3683.0,2.8,5.21,4.79
2212.3,216.67,5.1,3632.0,6.5,4.79,4.07
2209.8,246.58,10.2,3658.0,0.5,4.07,3.68
2204.7,334.38,0.0,3632.0,4.8,3.68,3.28
2202.2,351.46,0.0,3531.0,8.7,3.28,3.0
2199.6,328.21,0.0,3429.0,10.9,3.0,2.77
2194.6,314.71,0.0,3327.0,11.7,2.77,2.61
2148.8,235.79,0.0,3277.0,8.1,2.61,2.5
2133.6,162.46,10.2,3251.0,4.5,2.5,2.55
2113.3,242.58,7.6,3200.0,3.3,2.55,2.98
2095.5,237.75,0.0,3150.0,3.4,2.98,2.91
2077.7,249.25,2.5,3150.0,4.7,2.91,2.65
2090.4,175.96,20.3,3099.0,5.8,2.65,2.61
2065.0,207.42,5.1,3023.0,4.9,2.61,3.52
2047.2,199.5,0.0,2972.0,5.4,3.52,3.15
2032.0,173.08,0.0,2921.0,3.9,3.15,2.92
2021.8,165.0,10.2,2946.0,3.0,2.92,2.77
2044.7,282.96,12.7,2997.0,0.5,2.77,2.85
2044.7,219.5,15.2,2972.0,0.9,2.85,2.91
2042.2,248.42,5.1,2997.0,2.6,2.91,2.77
2039.6,264.71,0.0,2921.0,6.7,2.77,2.64
2034.5,207.58,5.1,2896.0,6.5,2.64,2.59
2001.5,258.25,2.5,2794.0,6.5,2.59,2.59
1968.5,352.88,0.0,2769.0,11.4,2.59,2.43
1938.0,340.0,0.0,2692.0,14.7,2.43,2.31
1887.2,292.0,0.0,2540.0,15.7,2.31,2.19
1864.4,136.0,33.0,2515.0,8.6,2.19,2.33
1851.7,165.5,2.5,2489.0,2.1,2.33,2.35
1831.3,278.42,0.0,2438.0,4.2,2.35,2.13
1805.9,290.17,0.0,2413.0,6.7,2.13,2.02
1775.5,332.96,0.0,2337.0,6.5,2.02,1.93
1762.8,179.04,0.0,2311.0,5.2,1.93,1.88
1737.4,231.54,0.0,2286.0,7.2,1.88,1.82
1729.7,225.88,5.1,2235.0,2.7,1.82,1.91
1727.2,272.62,7.6,2235.0,2.1,1.91,2.15
1709.4,277.71,2.5,2184.0,2.3,2.15,2.24
1689.1,180.33,38.1,2134.0,5.1,2.24,3.36
1645.9,253.58,0.0,2083.0,9.1,3.36,3.48
1628.1,184.67,5.1,2032.0,8.7,3.48,3.15
1605.3,128.5,5.1,1956.0,6.0,3.15,3.03
1592.6,238.79,7.6,1956.0,2.4,3.03,3.43
1595.1,243.12,7.6,1956.0,2.7,3.43,4.46
1567.2,169.96,30.5,1930.0,3.3,4.46,6.25
1562.1,213.58,2.5,1880.0,3.3,6.25,8.5
1536.7,191.62,0.0,1778.0,5.4,8.5,6.44
1485.9,342.29,0.0,1753.0,10.7,6.44,5.09
1445.3,327.79,0.0,1626.0,13.8,5.09,4.4
1409.7,186.5,5.1,1549.0,9.5,4.4,3.94
1360.18,215.98,3.82,1460.25,10.12,3.94,3.59
1310.65,245.46,2.55,1371.5,10.75,3.59,3.24
1261.12,274.94,1.28,1282.75,11.38,3.24,2.89
1211.6,304.42,0.0,1194.0,12.0,2.89,2.54
1158.2,361.12,0.0,1168.0,13.0,2.54,2.45
1104.9,357.5,0.0,1118.0,13.3,2.45,2.3
1059.2,304.25,2.5,1041.0,6.7,2.3,2.21
1054.1,197.04,2.5,991.0,4.3,2.21,2.2
998.2,288.33,0.0,864.0,8.2,2.2,2.07
970.3,235.58,5.1,762.0,5.4,2.07,1.99
944.9,211.96,5.1,813.0,4.3,1.99,2.03
932.2,173.46,0.0,711.0,4.9,2.03,2.0
904.2,266.25,0.0,762.0,7.2,2.0,1.86
843.3,264.0,0.0,686.0,7.8,1.86,1.78
795.0,337.79,0.0,508.0,8.8,1.78,1.72
749.3,326.67,0.0,457.0,8.5,1.72,1.65
703.6,259.46,0.0,381.0,6.6,1.65,1.68
657.9,320.12,0.0,305.0,8.0,1.68,1.67
647.7,176.96,0.0,254.0,7.8,1.67,1.6
594.4,356.79,0.0,203.0,10.5,1.6,1.53
561.3,320.5,0.0,102.0,10.9,1.53,1.46
508.0,312.67,0.0,0.0,8.6,1.46,1.44
469.9,357.71,0.0,0.0,9.4,1.44,1.38
429.3,365.62,0.0,0.0,12.5,1.38,1.32
378.5,353.38,0.0,0.0,13.9,1.32,1.27
325.1,330.71,0.0,0.0,13.3,1.27,1.24
297.2,241.12,0.0,0.0,9.2,1.24,1.22
246.4,348.96,0.0,0.0,12.6,1.22,1.19
185.4,350.21,0.0,0.0,15.5,1.19,1.15
88.9,352.54,0.0,0.0,18.2,1.15,1.13
50.8,348.21,0.0,0.0,15.8,1.13,1.11
0.0,326.83,0.0,0.0,12.5,1.11,1.09
0.0,324.62,0.0,0.0,10.0,1.09,1.08
0.0,158.25,0.0,0.0,6.5,1.08,1.07
0.0,324.46,0.0,0.0,11.4,1.07,1.04
0.0,349.79,0.0,0.0,18.8,1.04,1.0
0.0,346.38,0.0,0.0,20.9,1.0,0.97
0.0,339.58,0.0,0.0,16.7,0.97,0.94
0.0,330.67,0.0,0.0,18.6,0.94,0.92
0.0,330.04,0.0,0.0,22.2,0.92,0.9
0.0,327.79,5.1,0.0,17.7,0.9,0.87
0.0,195.17,5.1,0.0,12.3,0.87,0.87
0.0,323.33,0.0,0.0,12.7,0.87,0.87
0.0,273.42,0.0,0.0,11.7,0.87,0.85
0.0,333.83,0.0,0.0,14.2,0.85,0.84
0.0,328.04,0.0,0.0,13.6,0.84,0.82
0.0,192.71,0.0,0.0,7.2,0.82,0.86
0.0,267.08,0.0,0.0,8.6,0.86,0.83
0.0,168.71,0.0,0.0,8.1,0.83,0.8
0.0,313.58,0.0,0.0,10.9,0.8,0.79
0.0,321.17,0.0,0.0,14.5,0.79,0.76
0.0,315.58,0.0,0.0,10.5,0.76,0.75
0.0,217.38,0.0,0.0,5.6,0.75,0.74
0.0,294.29,0.0,0.0,7.9,0.74,0.73
0.0,315.38,0.0,0.0,13.8,0.73,0.71
0.0,315.58,0.0,0.0,20.7,0.71,0.7
0.0,265.25,0.0,0.0,22.2,0.7,0.68
0.0,283.67,0.0,0.0,20.4,0.68,0.66
0.0,299.0,0.0,0.0,16.9,0.66,0.66
0.0,297.71,0.0,0.0,14.3,0.66,0.66
0.0,209.88,0.0,0.0,12.9,0.66,0.66
0.0,104.54,20.3,0.0,10.9,0.66,0.8
0.0,283.38,0.0,0.0,9.6,0.8,0.9
0.0,294.75,0.0,0.0,13.3,0.9,0.71
0.0,274.75,0.0,0.0,10.9,0.71,0.66
0.0,282.54,0.0,0.0,10.5,0.66,0.65
0.0,293.96,0.0,0.0,10.6,0.65,0.63
0.0,291.79,0.0,0.0,10.9,0.63,0.62
0.0,287.5,0.0,0.0,13.0,0.62,0.61
0.0,202.58,2.5,0.0,8.0,0.61,0.61
0.0,278.12,0.0,0.0,8.2,0.61,0.6
0.0,138.83,0.0,0.0,7.3,0.6,0.6
0.0,274.62,0.0,0.0,13.5,0.6,0.59
0.0,269.83,0.0,0.0,14.1,0.59,0.58
0.0,270.33,0.0,0.0,17.8,0.58,0.57
0.0,250.21,0.0,0.0,19.2,0.57,0.56
0.0,230.71,0.0,0.0,13.1,0.56,0.56
0.0,259.04,0.0,0.0,15.6,0.56,0.57
0.0,239.0,0.0,0.0,13.2,0.57,0.54
0.0,262.96,0.0,0.0,11.3,0.54,0.52
0.0,257.04,0.0,0.0,15.3,0.52,0.51
0.0,253.33,0.0,0.0,18.3,0.51,0.5
0.0,235.33,0.0,0.0,15.4,0.5,0.5
0.0,223.96,0.0,0.0,13.0,0.5,0.52
0.0,209.46,0.0,0.0,15.1,0.52,0.53
0.0,138.29,0.0,0.0,14.4,0.53,0.53
0.0,130.92,0.0,0.0,15.8,0.53,0.55
0.0,189.83,0.0,0.0,15.5,0.55,0.53
0.0,190.25,2.5,0.0,14.1,0.53,0.52
0.0,63.71,2.5,0.0,9.3,0.52,0.54
0.0,90.08,7.6,0.0,8.2,0.54,0.87
0.0,213.58,0.0,0.0,8.6,0.87,0.68
0.0,144.79,0.0,0.0,9.4,0.68,0.59
0.0,152.96,5.1,0.0,9.1,0.59,0.56
0.0,68.96,66.0,0.0,7.9,0.56,2.57
0.0,107.62,20.3,0.0,5.5,2.57,4.15
0.0,78.46,35.6,0.0,4.9,4.15,3.43
0.0,82.92,2.5,0.0,4.2,3.43,3.05
0.0,197.04,0.0,0.0,7.3,3.05,2.49
0.0,209.58,0.0,0.0,16.6,2.49,1.88
0.0,208.54,0.0,0.0,18.0,1.88,1.58
0.0,184.04,0.0,0.0,17.5,1.58,1.36
0.0,191.38,0.0,0.0,17.9,1.36,1.2
0.0,195.5,0.0,0.0,16.6,1.2,1.1
0.0,195.62,0.0,0.0,13.7,1.1,1.03
0.0,189.21,0.0,0.0,10.1,1.03,0.98
0.0,187.71,0.0,0.0,12.8,0.98,0.93
0.0,184.08,0.0,0.0,15.8,0.93,0.89
0.0,177.46,0.0,0.0,14.2,0.89,0.85
0.0,108.0,5.1,0.0,9.4,0.85,0.83
0.0,156.25,0.0,0.0,9.2,0.83,0.82
15.2,58.08,55.9,152.0,2.9,0.82,3.57
20.3,59.58,81.3,76.0,3.1,3.57,4.81
5.1,151.96,0.0,0.0,2.7,4.81,8.74
10.2,48.0,50.8,0.0,3.5,8.74,5.78
12.7,90.79,10.2,0.0,1.6,5.78,5.07
10.2,156.04,0.0,0.0,3.2,5.07,3.85
2.5,60.5,30.5,0.0,6.2,3.85,3.17
5.1,130.33,0.0,0.0,3.3,3.17,2.9
5.1,79.67,43.2,0.0,5.4,2.9,2.99
5.1,102.38,0.0,0.0,4.1,2.99,3.28
5.1,68.38,7.6,0.0,1.8,3.28,2.97
7.6,80.88,5.1,51.0,-0.7,2.97,2.68
15.2,135.29,0.0,51.0,-1.4,2.68,2.41
20.3,36.75,73.7,25.0,1.0,2.41,2.24
30.5,50.38,0.0,25.0,-2.6,2.24,2.55
101.6,145.54,0.0,25.0,-4.3,2.55,2.25
99.1,124.96,0.0,25.0,0.7,2.25,2.1
73.7,139.21,0.0,25.0,4.0,2.1,1.97
58.4,122.38,0.0,25.0,6.8,1.97,1.85
50.8,134.62,0.0,25.0,7.7,1.85,1.76
40.6,61.67,5.1,25.0,2.4,1.76,1.82
38.1,119.58,0.0,25.0,5.6,1.82,1.68
27.9,128.25,0.0,25.0,12.0,1.68,1.6
20.3,127.33,0.0,25.0,11.4,1.6,1.52
7.6,32.08,50.8,0.0,8.4,1.52,2.05
0.0,30.29,25.4,0.0,7.6,2.05,4.05
12.7,28.08,27.9,76.0,2.9,4.05,12.57
20.3,44.79,17.8,127.0,0.1,12.57,15.14
27.9,33.83,10.2,203.0,-3.6,15.14,9.84
25.4,44.79,0.0,152.0,-5.1,9.84,6.59
40.6,60.25,10.2,203.0,-4.2,6.59,5.01
78.7,34.62,17.8,483.0,-2.3,5.01,4.83
78.7,55.21,22.9,457.0,-3.8,4.83,4.6
88.9,46.67,5.1,533.0,-2.3,4.6,4.27
144.8,35.58,33.0,838.0,-1.7,4.27,19.58
180.3,34.92,45.7,965.0,-2.0,19.58,15.67
223.5,37.71,20.3,1143.0,-0.1,15.67,21.11
198.1,28.54,40.6,991.0,3.0,21.11,19.64
200.7,40.58,12.7,787.0,4.5,19.64,16.31
238.8,26.92,15.2,1016.0,-0.4,16.31,18.43
279.4,35.46,15.2,1143.0,-1.7,18.43,22.07
287.0,85.83,30.5,1067.0,-0.4,22.07,16.16
294.6,96.62,0.0,1041.0,0.0,16.16,11.51
315.0,36.62,7.6,1143.0,1.0,11.51,8.9
327.7,31.04,17.8,1118.0,-1.6,8.9,7.57
348.0,25.92,5.1,1168.0,-0.6,7.57,6.97
365.8,47.38,22.9,1219.0,-2.1,6.97,7.61
373.4,53.54,2.5,1168.0,-1.3,7.61,7.1
378.5,81.58,0.0,1219.0,-0.2,7.1,6.39
386.1,75.62,5.1,1219.0,-0.4,6.39,5.72
391.2,87.42,0.0,1168.0,2.0,5.72,5.09
426.7,37.42,17.8,1346.0,-1.8,5.09,6.53
431.8,83.21,5.1,1321.0,-1.1,6.53,6.17
434.3,84.5,0.0,1321.0,5.0,6.17,5.59
436.9,57.88,0.0,1295.0,4.0,5.59,4.94
439.4,82.46,0.0,1270.0,6.8,4.94,4.38
442.0,82.46,2.5,1245.0,5.5,4.38,4.01
447.0,42.79,2.5,1245.0,1.7,4.01,3.73
444.5,35.92,0.0,1168.0,6.9,3.73,3.45
439.4,32.21,10.2,1067.0,6.1,3.45,3.52
426.7,54.46,5.1,965.0,-0.5,3.52,3.92
431.8,36.83,0.0,991.0,-2.0,3.92,3.55
439.4,43.79,5.1,1016.0,-3.9,3.55,3.55
447.0,71.33,2.5,1092.0,-3.4,3.55,3.35
467.4,29.92,15.2,1194.0,-1.1,3.35,3.47
477.5,42.46,10.2,1219.0,-1.6,3.47,3.62
502.9,33.08,15.2,1397.0,-0.7,3.62,4.35
533.4,22.08,7.6,1524.0,0.2,4.35,8.37
566.4,49.04,12.7,1549.0,-1.5,8.37,15.47
596.9,20.71,30.5,1778.0,-0.7,15.47,12.92
668.0,23.96,76.2,1829.0,0.4,12.92,15.19
660.4,30.42,17.8,1753.0,1.0,15.19,24.58
688.3,21.83,30.5,1651.0,2.0,24.58,17.84
683.3,24.46,5.1,1575.0,-4.3,17.84,15.38
685.8,70.79,10.2,1549.0,-0.5,15.38,11.14
688.3,66.83,0.0,1524.0,4.6,11.14,8.63
708.7,23.79,2.5,1651.0,2.3,8.63,7.26
726.4,23.12,10.2,1753.0,-1.3,7.26,7.83
736.6,43.75,17.8,1676.0,-0.8,7.83,7.67
739.1,74.62,0.0,1829.0,-0.8,7.67,6.82
762.0,27.42,17.8,1905.0,-0.9,6.82,5.96
817.9,24.08,30.5,2159.0,-0.6,5.96,11.64
856.0,41.79,38.1,2108.0,0.0,11.64,25.67
896.6,21.13,22.9,2286.0,1.4,25.67,19.71
970.3,21.75,15.2,2540.0,0.4,19.71,26.87
998.2,24.21,0.0,2769.0,-1.0,26.87,50.65
1049.0,26.62,104.1,2946.0,0.2,50.65,43.27
1071.9,23.08,0.0,2997.0,-1.3,43.27,32.55
1087.1,40.25,48.3,2870.0,0.1,32.55,32.65
1097.3,35.12,0.0,2870.0,-0.6,32.65,22.58
1110.0,36.33,0.0,2769.0,-1.2,22.58,15.7
1110.0,67.83,0.0,2819.0,-1.9,15.7,11.74
1117.6,63.0,20.3,2769.0,1.3,11.74,9.54
1140.5,25.58,15.2,2870.0,1.3,9.54,9.44
1099.8,22.5,96.5,2591.0,4.1,9.44,36.26
1168.4,29.38,12.7,2515.0,-2.4,36.26,48.16
1160.8,80.42,0.0,2540.0,2.4,48.16,23.92
1158.2,72.46,10.2,2540.0,1.5,23.92,15.9
1150.6,74.83,0.0,2540.0,1.1,15.9,11.76
1163.3,56.83,12.7,2515.0,0.3,11.76,9.45
1158.2,95.38,2.5,2388.0,-1.7,9.45,7.84
1160.8,81.08,0.0,2464.0,-0.3,7.84,6.75
1163.3,51.62,0.0,2515.0,0.1,6.75,6.02
1173.5,51.25,12.7,2515.0,-0.7,6.02,5.45
1173.5,66.88,0.0,2515.0,-2.8,5.45,4.93
1173.5,97.5,2.5,2565.0,-3.7,4.93,4.51
1183.6,39.42,2.5,2642.0,-4.0,4.51,4.29
1183.6,54.08,7.6,2642.0,-5.4,4.29,4.03
1191.3,41.79,0.0,2667.0,-6.5,4.03,3.76
1196.3,60.17,10.2,2769.0,-3.4,3.76,3.63
1196.3,46.21,5.1,2794.0,-1.0,3.63,3.76
1198.9,69.17,0.0,2794.0,-3.2,3.76,3.49
1204.0,36.67,2.5,2819.0,-0.5,3.49,3.69
1211.6,36.75,7.6,2819.0,1.8,3.69,4.59
1224.3,43.38,5.1,2642.0,1.8,4.59,16.43
1249.7,49.62,12.7,2896.0,-2.3,16.43,25.84
1252.2,75.0,20.3,2921.0,-2.7,25.84,17.79
1267.5,71.58,2.5,3023.0,-1.6,17.79,12.95
1308.1,101.92,25.4,3073.0,-0.5,12.95,13.69
1351.3,52.04,7.6,3124.0,-2.4,13.69,13.88
1371.6,51.08,7.6,3150.0,-4.2,13.88,14.47
1366.5,51.75,20.3,3124.0,-6.2,14.47,12.06
1364.0,107.71,2.5,3099.0,-6.1,12.06,9.67
1369.1,37.5,2.5,3073.0,-7.7,9.67,7.95
1389.4,61.46,20.3,3327.0,-8.0,7.95,6.82
1437.6,67.46,48.3,3607.0,-12.0,6.82,6.05
1483.4,42.5,45.7,3708.0,-8.5,6.05,5.51
1516.4,67.12,25.4,3835.0,-2.1,5.51,5.26
1600.2,63.33,5.1,4216.0,-1.1,5.26,11.43
1635.8,91.21,30.5,4242.0,-2.4,11.43,14.79
1648.5,93.12,12.7,4267.0,-3.0,14.79,11.8
1671.3,52.62,22.9,4318.0,-2.6,11.8,9.62
1681.5,66.0,10.2,4216.0,-2.6,9.62,8.97
1699.3,76.33,17.8,4343.0,-3.3,8.97,8.05
1747.5,44.71,48.3,4343.0,-0.4,8.05,8.75
1831.3,52.75,83.8,4775.0,-0.8,8.75,40.88
1874.5,84.21,71.1,4953.0,-4.3,40.88,32.62
1879.6,167.46,0.0,4902.0,-4.2,32.62,18.78
1948.2,96.58,43.2,5359.0,-3.4,18.78,14.55
2004.1,99.04,33.0,5309.0,-3.8,14.55,15.21
2009.1,69.38,2.5,5283.0,-4.2,15.21,12.48
2016.8,90.04,2.5,5207.0,-1.0,12.48,9.96
2020.6,130.46,3.8,5131.0,-0.65,9.96,8.72
2024.4,170.88,5.1,5055.0,-0.3,8.72,7.47
2024.4,187.79,0.0,5004.0,1.4,7.47,6.71
2032.0,105.21,7.6,4953.0,2.8,6.71,6.45
2042.2,106.04,10.2,5004.0,0.8,6.45,7.66
2047.2,119.21,5.1,4978.0,-2.2,7.66,7.78
2059.9,97.75,12.7,5105.0,-4.0,7.78,7.66
2065.0,114.71,5.1,5029.0,-3.3,7.66,6.95
2070.1,109.33,5.1,4953.0,-1.9,6.95,6.21
2072.6,141.29,2.5,4928.0,-1.6,6.21,5.59
2077.7,189.54,5.1,4877.0,-1.0,5.59,5.02
2080.3,208.58,2.5,4851.0,0.3,5.02,4.57
2080.3,197.71,0.0,4801.0,4.0,4.57,4.26
2095.5,85.75,15.2,4851.0,0.7,4.26,4.42
2095.5,96.04,0.0,4826.0,-4.7,4.42,4.33
2100.6,196.88,5.1,4775.0,-0.6,4.33,4.0
2105.7,194.21,5.1,4724.0,3.1,4.0,3.77
2115.8,113.21,10.2,4750.0,2.3,3.77,3.94
2128.5,101.25,12.7,4801.0,-1.1,3.94,4.34
2159.0,143.17,30.5,4953.0,-2.0,4.34,5.91
2189.5,105.04,30.5,5055.0,-3.1,5.91,6.43
2220.0,180.17,2.5,5207.0,-2.1,6.43,8.79
2220.0,213.12,0.0,5105.0,-2.6,8.79,7.84
2270.8,115.12,50.8,5258.0,-1.5,7.84,7.37
2283.5,199.04,12.7,5283.0,-0.7,7.37,7.72
2298.7,123.92,15.2,5283.0,-0.4,7.72,7.22
2306.3,232.17,7.6,5182.0,1.6,7.22,6.4
2341.9,117.29,10.2,5334.0,-1.6,6.4,7.27
2336.8,170.88,0.0,5283.0,-4.7,7.27,7.91
2336.8,196.25,0.0,5232.0,-3.3,7.91,6.91
2341.9,254.04,5.1,5156.0,4.3,6.91,6.06
2341.9,260.62,0.0,5055.0,4.8,6.06,5.45
2339.3,256.38,0.0,5004.0,2.1,5.45,4.99
2331.7,242.29,0.0,4953.0,4.0,4.99,4.56
2329.2,212.17,0.0,4877.0,0.1,4.56,4.26
2329.2,264.46,0.0,4851.0,-1.3,4.26,4.02
2326.6,280.88,0.0,4801.0,3.0,4.02,3.77
2339.3,194.42,12.7,4877.0,0.3,3.77,3.58
2341.9,171.12,2.5,4826.0,-2.8,3.58,3.72
2349.5,260.83,7.6,4826.0,-1.5,3.72,3.33
2362.2,180.54,12.7,4851.0,-4.1,3.33,3.4
2362.2,282.54,0.0,4826.0,-2.0,3.4,3.1
2362.2,293.88,0.0,4801.0,1.2,3.1,2.94
2359.7,303.54,0.0,4775.0,1.5,2.94,2.8
2349.5,301.08,0.0,4724.0,5.6,2.8,2.7
2311.4,303.04,0.0,4674.0,7.4,2.7,2.64
2255.5,305.83,0.0,4597.0,8.9,2.64,2.58
2329.2,309.21,0.0,4496.0,10.3,2.58,2.67
2362.2,312.04,0.0,4420.0,8.8,2.67,2.8
2369.8,308.5,0.0,4343.0,6.1,2.8,2.84
2369.8,298.0,0.0,4293.0,6.1,2.84,2.71
2369.8,316.21,0.0,4242.0,6.5,2.71,2.63
2362.2,136.5,0.0,4216.0,2.2,2.63,2.54
2334.3,262.25,0.0,4166.0,3.5,2.54,2.39
2362.2,235.58,15.2,4191.0,1.1,2.39,2.57
2349.5,243.04,5.1,4191.0,0.9,2.57,2.59
2341.9,267.62,5.1,4191.0,1.3,2.59,2.5
2329.2,240.0,2.5,4166.0,2.3,2.5,2.26
2359.7,269.83,0.0,4115.0,6.5,2.26,2.13
2357.1,306.92,0.0,4064.0,10.0,2.13,2.06
2326.6,177.08,5.1,4013.0,5.3,2.06,2.1
2296.2,240.29,0.0,3962.0,2.3,2.1,2.08
2278.4,296.21,0.0,3912.0,2.2,2.08,1.95
2275.8,241.33,2.5,3886.0,2.6,1.95,1.87
2258.1,281.83,2.5,3861.0,4.1,1.87,1.86
2230.1,312.92,0.0,3785.0,8.9,1.86,1.8
2214.9,158.62,0.0,3708.0,7.0,1.8,1.81
2217.4,229.0,0.0,3742.0,-0.8,1.81,2.04
2212.3,141.62,0.0,3776.0,-0.6,2.04,1.83
2212.3,271.62,2.5,3810.0,2.4,1.83,1.75
2214.9,340.04,0.0,3734.0,4.5,1.75,1.66
2214.9,349.88,0.0,3658.0,6.7,1.66,1.6
2214.9,297.29,0.0,3607.0,8.7,1.6,1.55
2197.1,343.08,0.0,3531.0,8.4,1.55,1.52
2176.8,350.0,0.0,3480.0,9.4,1.52,1.48
2161.5,354.08,0.0,3429.0,10.0,1.48,1.45
2146.3,354.5,0.0,3353.0,10.9,1.45,1.4
2136.1,261.25,5.1,3302.0,6.1,1.4,1.38
2136.1,251.83,12.7,3277.0,0.3,1.38,1.59
2133.6,274.46,5.1,3327.0,-0.1,1.59,1.44
2133.6,239.71,7.6,3353.0,0.5,1.44,1.4
2133.6,266.0,0.0,3327.0,3.1,1.4,1.33
2131.1,327.88,0.0,3277.0,5.3,1.33,1.28
2131.1,172.42,2.5,3251.0,3.4,1.28,1.25
2128.5,235.04,17.8,3226.0,3.7,1.25,1.35
2105.7,237.58,5.1,3150.0,4.5,1.35,1.69
2075.2,344.58,0.0,3099.0,6.3,1.69,1.4
2080.3,218.96,20.3,2997.0,3.0,1.4,2.0
2072.6,288.92,5.1,3048.0,2.6,2.0,2.65
2044.7,371.33,0.0,3023.0,8.7,2.65,2.2
2024.4,318.38,0.0,2972.0,11.1,2.2,1.9
1988.8,337.83,0.0,2845.0,13.4,1.9,1.71
1945.6,365.0,0.0,2794.0,17.5,1.71,1.57
1897.4,370.25,0.0,2667.0,16.2,1.57,1.47
1864.4,365.62,0.0,2565.0,11.6,1.47,1.38
1833.9,365.08,0.0,2515.0,7.8,1.38,1.3
1828.8,236.58,17.8,2464.0,2.5,1.3,1.37
1841.5,202.5,7.6,2515.0,0.9,1.37,1.46
1839.0,272.0,15.2,2540.0,2.6,1.46,2.16
1828.8,247.88,0.0,2489.0,3.7,2.16,1.65
1811.0,308.33,0.0,2438.0,4.1,1.65,1.53
1795.8,305.38,0.0,2388.0,3.7,1.53,1.44
1793.2,182.75,7.6,2362.0,4.4,1.44,1.42
1762.8,294.58,0.0,2286.0,8.7,1.42,1.39
1729.7,227.54,20.3,2286.0,8.4,1.39,2.33
1701.8,196.25,0.0,2210.0,7.3,2.33,3.01
1686.6,281.88,0.0,2159.0,5.4,3.01,2.66
1648.5,361.71,0.0,2108.0,8.1,2.66,2.35
1607.8,385.0,0.0,2007.0,11.1,2.35,2.08
1567.2,380.25,0.0,1956.0,11.2,2.08,1.89
1529.1,366.67,0.0,1854.0,10.5,1.89,1.75
1473.2,381.92,0.0,1727.0,14.6,1.75,1.64
1412.2,376.04,0.0,1626.0,17.1,1.64,1.54
1358.9,356.21,0.0,1499.0,14.3,1.54,1.43
1308.1,368.0,0.0,1346.0,13.1,1.43,1.36
1257.3,356.71,0.0,1270.0,13.8,1.36,1.29
1193.8,351.67,0.0,1168.0,17.5,1.29,1.23
1115.1,371.0,0.0,965.0,22.2,1.23,1.18
1018.5,372.33,0.0,762.0,24.4,1.18,1.13
919.5,374.46,0.0,584.0,26.0,1.13,1.08
825.5,371.17,0.0,406.0,26.0,1.08,1.05
756.9,363.38,0.0,254.0,16.6,1.05,1.05
721.4,295.67,0.0,254.0,10.3,1.05,1.07
675.6,341.58,0.0,232.83,10.7,1.07,1.04
607.1,372.25,0.0,211.67,13.1,1.04,0.99
543.6,372.29,0.0,190.5,13.4,0.99,0.96
480.1,371.04,0.0,169.33,13.8,0.96,0.93
414.0,376.08,0.0,148.17,16.8,0.93,0.9
355.6,299.33,0.0,127.0,11.8,0.9,0.88
304.8,369.58,0.0,105.83,11.5,0.88,0.87
231.1,370.21,0.0,84.67,14.6,0.87,0.85
114.3,371.12,0.0,63.5,14.5,0.85,0.82
61.0,371.33,0.0,42.33,14.0,0.82,0.81
27.9,368.04,0.0,21.17,14.7,0.81,0.79
0.0,360.83,0.0,0.0,16.0,0.79,0.77
0.0,368.67,0.0,0.0,14.1,0.77,0.76
0.0,364.33,0.0,0.0,10.6,0.76,0.75
0.0,216.71,0.0,0.0,7.9,0.75,0.75
0.0,354.62,0.0,0.0,11.1,0.75,0.75
0.0,362.12,0.0,0.0,13.3,0.75,0.72
0.0,357.79,0.0,0.0,14.1,0.72,0.7
0.0,361.33,0.0,0.0,10.7,0.7,0.69
0.0,299.12,0.0,0.0,7.5,0.69,0.68
0.0,359.12,0.0,0.0,9.4,0.68,0.67
0.0,351.96,0.0,0.0,11.7,0.67,0.65
0.0,350.33,0.0,0.0,15.4,0.65,0.63
0.0,351.79,0.0,0.0,15.1,0.63,0.62
0.0,350.42,0.0,0.0,15.1,0.62,0.61
0.0,306.17,0.0,0.0,14.1,0.61,0.6
0.0,332.92,0.0,0.0,15.9,0.6,0.59
0.0,343.58,0.0,0.0,19.2,0.59,0.57
0.0,314.25,0.0,0.0,23.2,0.57,0.56
0.0,131.12,0.0,0.0,21.3,0.56,0.56
0.0,234.5,0.0,0.0,18.2,0.56,0.58
0.0,313.12,0.0,0.0,19.1,0.58,0.55
0.0,257.17,0.0,0.0,19.4,0.55,0.54
0.0,318.25,0.0,0.0,18.5,0.54,0.52
0.0,306.25,0.0,0.0,15.0,0.52,0.52
0.0,271.62,0.0,0.0,12.3,0.52,0.55
0.0,207.71,0.0,0.0,10.4,0.55,0.58
0.0,124.17,0.0,0.0,5.6,0.58,0.59
0.0,301.67,0.0,0.0,11.4,0.59,0.55
0.0,303.5,0.0,0.0,15.3,0.55,0.53
0.0,304.71,0.0,0.0,20.3,0.53,0.51
0.0,277.83,0.0,0.0,22.7,0.51,0.49
0.0,268.0,0.0,0.0,22.0,0.49,0.48
0.0,278.96,0.0,0.0,19.0,0.48,0.48
0.0,290.58,7.6,0.0,18.1,0.48,0.48
0.0,272.96,7.6,0.0,13.6,0.48,0.48
0.0,122.71,0.0,0.0,5.4,0.48,0.48
0.0,266.25,0.0,0.0,10.3,0.48,0.48
0.0,199.81,0.0,0.0,9.35,0.48,0.48
0.0,133.38,0.0,0.0,8.4,0.48,0.48
0.0,151.5,0.0,0.0,7.5,0.48,0.48
0.0,164.17,0.0,0.0,6.0,0.48,0.49
0.0,275.33,0.0,0.0,6.5,0.49,0.48
0.0,286.79,0.0,0.0,11.6,0.48,0.48
0.0,263.54,0.0,0.0,11.5,0.48,0.46
0.0,189.92,0.0,0.0,8.8,0.46,0.46
0.0,128.33,0.0,0.0,6.6,0.46,0.48
0.0,280.0,0.0,0.0,12.3,0.48,0.46
0.0,284.21,0.0,0.0,13.6,0.46,0.46
0.0,200.12,0.0,0.0,6.5,0.46,0.46
0.0,139.21,0.0,0.0,4.0,0.46,0.45
0.0,274.75,0.0,0.0,7.7,0.45,0.45
0.0,273.79,0.0,0.0,10.7,0.45,0.44
0.0,237.5,0.0,0.0,12.1,0.44,0.43
0.0,233.33,0.0,0.0,13.1,0.43,0.42
0.0,256.21,0.0,0.0,13.2,0.42,0.42
0.0,261.25,0.0,0.0,12.5,0.42,0.42
0.0,250.67,0.0,0.0,18.3,0.42,0.42
0.0,246.54,0.0,0.0,14.7,0.42,0.41
0.0,196.25,0.0,0.0,14.1,0.41,0.4
0.0,88.67,0.0,0.0,9.2,0.4,0.4
0.0,229.17,0.0,0.0,9.5,0.4,0.4
0.0,245.5,0.0,0.0,8.8,0.4,0.4
0.0,243.71,0.0,0.0,7.0,0.4,0.4
0.0,196.08,0.0,0.0,10.8,0.4,0.4
0.0,238.5,0.0,0.0,6.4,0.4,0.4
0.0,241.08,0.0,0.0,7.1,0.4,0.4
0.0,118.62,0.0,0.0,8.5,0.4,0.4
0.0,105.04,0.0,0.0,4.2,0.4,1.1
0.0,89.08,0.0,0.0,4.0,1.1,0.89
0.0,222.88,0.0,0.0,6.3,0.89,0.69
0.0,228.96,0.0,0.0,14.0,0.69,0.52
0.0,126.67,0.0,0.0,9.3,0.52,0.48
0.0,215.21,0.0,0.0,9.9,0.48,0.48
0.0,216.79,0.0,0.0,15.3,0.48,0.46
0.0,211.96,0.0,0.0,13.5,0.46,0.45
0.0,100.96,0.0,0.0,9.6,0.45,0.44
0.0,91.92,0.0,0.0,4.8,0.44,1.88
2.5,115.67,0.0,25.0,2.6,1.88,2.53
0.0,89.67,0.0,0.0,4.8,2.53,1.63
0.0,67.54,0.0,0.0,6.9,1.63,1.78
2.5,199.17,0.0,0.0,5.5,1.78,1.73
2.5,193.17,0.0,0.0,7.8,1.73,1.23
2.5,192.71,0.0,0.0,7.1,1.23,1.01
0.0,184.33,0.0,0.0,10.0,1.01,0.89
2.5,90.71,7.6,0.0,5.2,0.89,1.4
2.5,95.71,7.6,0.0,1.2,1.4,1.59
5.1,190.38,0.0,0.0,2.0,1.59,1.4
5.1,148.12,0.0,0.0,3.5,1.4,1.17
7.6,50.29,10.2,0.0,2.4,1.17,1.04
15.2,80.38,20.3,0.0,0.8,1.04,1.14
12.7,178.25,2.5,0.0,-1.2,1.14,1.02
27.9,122.88,12.7,102.0,-0.4,1.02,0.95
27.9,140.17,7.6,102.0,-0.4,0.95,1.0
43.2,90.04,17.8,127.0,1.9,1.0,0.95
38.1,115.54,0.0,76.0,4.1,0.95,0.93
30.5,134.33,0.0,102.0,8.0,0.93,0.86
27.9,64.46,0.0,51.0,6.7,0.86,0.83
22.9,135.0,0.0,51.0,2.8,0.83,0.79
10.2,128.96,0.0,25.0,7.6,0.79,0.77
7.6,62.67,12.7,0.0,3.5,0.77,1.05
5.1,73.12,15.2,0.0,6.4,1.05,1.11
7.6,46.83,17.8,0.0,3.1,1.11,2.99
0.0,59.71,15.2,0.0,2.3,2.99,2.58
12.7,45.5,25.4,25.0,2.4,2.58,3.3
27.9,49.67,15.2,76.0,1.1,3.3,3.49
43.2,44.21,30.5,102.0,1.4,3.49,4.98
45.7,62.25,7.6,102.0,1.1,4.98,7.87
25.4,23.25,71.1,51.0,7.0,7.87,15.45
20.3,107.83,10.2,0.0,1.6,15.45,24.4
55.9,138.46,2.5,0.0,1.6,24.4,10.55
58.4,118.79,0.0,0.0,2.2,10.55,6.4
40.6,55.96,15.2,0.0,2.6,6.4,4.7
35.6,52.0,15.2,0.0,3.0,4.7,3.92
20.3,57.12,2.5,0.0,7.3,3.92,3.6
12.7,46.25,48.3,0.0,3.6,3.6,11.25
20.3,81.04,7.6,0.0,0.0,11.25,14.65
48.3,52.58,27.9,254.0,-1.6,14.65,12.2
71.1,35.79,20.3,381.0,-2.1,12.2,14.94
73.7,109.54,5.1,381.0,-0.6,14.94,14.37
114.3,38.96,38.1,635.0,-0.6,14.37,12.08
109.2,82.25,25.4,635.0,-0.4,12.08,14.18
162.6,45.42,149.9,254.0,5.1,14.18,23.96
111.8,53.29,73.7,203.0,5.0,23.96,63.95
137.2,59.58,45.7,127.0,2.9,63.95,33.83
83.8,61.83,27.9,127.0,7.1,33.83,29.46
81.3,33.54,22.9,127.0,1.9,29.46,27.67
83.8,86.12,7.6,178.0,-3.1,27.67,20.38
81.3,73.0,0.0,178.0,-2.9,20.38,14.04
88.9,38.58,17.8,229.0,1.8,14.04,11.19
106.7,48.79,17.8,254.0,-0.2,11.19,15.13
106.7,76.83,2.5,254.0,-1.8,15.13,12.46
106.7,84.46,2.5,254.0,3.1,12.46,9.69
106.7,66.17,5.1,305.0,3.6,9.69,7.88
139.7,59.62,25.4,533.0,-1.5,7.88,7.42
144.8,74.71,2.5,508.0,-1.1,7.42,6.22
167.6,43.83,22.9,483.0,3.0,6.22,5.7
149.9,44.62,15.2,381.0,2.7,5.7,7.06
147.3,39.83,66.0,330.0,5.1,7.06,7.02
132.1,38.71,7.6,229.0,4.9,7.02,8.53
124.5,82.79,0.0,229.0,4.3,8.53,9.18
121.9,29.38,7.6,152.0,4.5,9.18,8.34
109.2,16.04,0.0,152.0,5.2,8.34,7.42
106.7,53.62,2.5,178.0,0.2,7.42,6.5
106.7,37.17,2.5,203.0,1.0,6.5,5.76
129.5,38.54,25.4,305.0,0.4,5.76,6.1
121.9,71.0,0.0,279.0,-4.0,6.1,6.42
142.2,41.92,35.6,432.0,0.5,6.42,6.14
149.9,56.33,0.0,406.0,-1.15,6.14,6.04
165.1,42.58,5.1,432.0,-2.8,6.04,6.27
198.1,33.46,27.9,635.0,-4.6,6.27,6.17
213.4,45.42,25.4,737.0,-3.0,6.17,6.1
284.5,39.62,73.7,1092.0,-1.7,6.1,30.08
304.8,41.33,20.3,1397.0,-4.3,30.08,26.26
322.6,23.71,12.7,1422.0,-3.1,26.26,18.32
335.3,39.79,15.2,1397.0,-5.7,18.32,13.47
345.4,41.79,10.2,1473.0,-5.0,13.47,10.29
360.7,44.25,12.7,1448.0,-3.4,10.29,8.31
375.9,44.12,12.7,1473.0,-4.5,8.31,7.0
447.0,17.5,48.3,1473.0,-0.6,7.0,10.16
452.1,34.38,20.3,1575.0,-3.9,10.16,12.88
495.3,28.42,22.9,1600.0,-0.4,12.88,11.17
505.5,41.88,10.2,1651.0,1.2,11.17,10.49
533.4,31.0,20.3,1880.0,-0.1,10.49,16.77
563.9,35.79,33.0,1981.0,-3.7,16.77,28.62
591.8,35.75,20.3,2362.0,-4.6,28.62,20.42
624.8,34.88,38.1,2616.0,-6.1,20.42,15.61
632.5,35.46,2.5,2642.0,-9.8,15.61,11.55
632.5,44.08,5.1,2616.0,-11.8,11.55,8.99
637.5,48.75,7.6,2565.0,-8.2,8.99,7.5
640.1,37.08,2.5,2540.0,-8.4,7.5,6.56
673.1,35.79,0.0,2667.0,-6.9,6.56,5.84
675.6,20.29,22.9,2642.0,-7.9,5.84,5.1
678.2,73.17,2.5,2515.0,-8.9,5.1,4.65
703.6,32.88,25.4,2642.0,-2.6,4.65,5.29
749.3,32.33,45.7,2819.0,-4.2,5.29,17.02
777.2,34.75,27.9,2921.0,-4.2,17.02,10.61
815.3,40.92,22.9,2794.0,-3.5,10.61,8.92
805.2,41.29,76.2,2921.0,1.2,8.92,75.1
861.1,35.83,33.0,2972.0,-2.0,75.1,79.17
883.9,38.96,20.3,2921.0,-3.5,79.17,34.45
901.7,86.12,0.0,2718.0,0.0,34.45,20.62
924.6,40.54,0.0,2718.0,1.5,20.62,15.32
1033.8,38.58,86.4,2540.0,2.9,15.32,23.67
977.9,56.17,48.3,2388.0,5.5,23.67,46.37
983.0,77.0,10.2,2337.0,2.5,46.37,32.1
988.1,53.29,0.0,2286.0,3.5,32.1,22.67
995.7,67.42,0.0,2261.0,3.6,22.67,16.27
1003.3,47.58,0.0,2235.0,6.3,16.27,12.64
1008.4,67.71,0.0,2184.0,4.0,12.64,10.5
1021.1,81.92,5.1,2083.0,0.2,10.5,9.48
1046.5,47.92,20.3,2210.0,1.0,9.48,8.53
1056.6,70.75,43.2,2159.0,1.5,8.53,13.9
1049.0,76.42,0.0,2083.0,-0.4,13.9,12.61
1051.6,95.71,0.0,2032.0,7.0,12.61,9.7
1054.1,106.46,0.0,2032.0,7.2,9.7,8.11
1054.1,104.42,0.0,2032.0,3.4,8.11,7.03
1056.6,108.67,0.0,2032.0,3.1,7.03,6.27
1059.2,109.79,0.0,2007.0,5.3,6.27,5.65
1061.7,114.0,0.0,2032.0,5.9,5.65,5.14
1064.3,107.54,0.0,2083.0,6.6,5.14,4.68
1064.3,62.96,0.0,2032.0,4.3,4.68,4.45
1092.2,28.42,17.8,2159.0,0.7,4.45,4.64
1117.6,52.96,20.3,2261.0,-4.6,4.64,5.1
1120.1,102.25,7.6,2286.0,-5.6,5.1,4.49
1125.2,52.58,10.2,2311.0,-4.2,4.49,4.18
1137.9,92.29,7.6,2362.0,-1.4,4.18,4.11
1153.2,46.62,0.0,2261.0,-0.9,4.11,4.03
1160.8,85.83,0.0,2286.0,-0.1,4.03,4.19
1163.3,126.17,0.0,2337.0,4.9,4.19,4.03
1165.9,117.46,0.0,2311.0,2.2,4.03,3.98
1165.9,109.38,0.0,2388.0,0.0,3.98,3.88
1170.9,126.21,0.0,2388.0,4.2,3.88,3.67
1173.5,138.12,0.0,2362.0,4.2,3.67,3.54
1173.5,135.17,0.0,2337.0,6.0,3.54,3.41
1173.5,143.54,0.0,2286.0,7.2,3.41,3.28
1178.6,137.12,0.0,2337.0,6.2,3.28,3.16
1188.7,106.04,10.2,2311.0,-0.5,3.16,3.46
1204.0,63.62,7.6,2337.0,-1.9,3.46,3.41
1206.5,138.04,7.6,2413.0,-1.5,3.41,3.22
1211.6,47.46,2.5,2438.0,-1.8,3.22,3.0
1214.1,147.92,0.0,2438.0,0.9,3.0,2.89
1242.1,72.29,15.2,2565.0,-0.9,2.89,2.85
1270.0,124.62,25.4,2692.0,-3.3,2.85,3.15
1292.9,84.83,17.8,2794.0,-5.3,3.15,3.02
1297.9,98.67,0.0,2870.0,-12.0,3.02,2.94
1300.5,151.75,0.0,2819.0,-10.9,2.94,2.81
1303.0,79.17,0.0,2845.0,-7.8,2.81,2.74
1305.6,176.0,0.0,2819.0,-4.8,2.74,2.51
1320.8,110.12,10.2,2845.0,0.0,2.51,2.6
1366.5,85.25,30.5,3124.0,1.2,2.6,5.31
1447.8,69.08,121.9,2794.0,3.6,5.31,58.89
1400.8,105.33,66.05,2692.5,2.55,58.89,45.27
1353.8,141.58,10.2,2591.0,1.5,45.27,31.65
1356.4,102.88,2.5,2616.0,-1.3,31.65,20.63
1361.4,110.04,2.5,2616.0,-2.7,20.63,15.71
1366.5,163.67,0.0,2616.0,-2.7,15.71,12.61
1369.1,195.54,0.0,2642.0,-1.2,12.61,10.41
1374.1,140.58,2.5,2616.0,-0.6,10.41,8.78
1391.9,47.75,10.2,2667.0,-1.3,8.78,8.22
1394.5,94.54,7.6,2692.0,-5.8,8.22,7.93
1399.5,192.5,0.0,2667.0,-4.8,7.93,7.07
1404.6,123.21,0.0,2819.0,0.0,7.07,6.48
1414.8,181.0,5.1,2819.0,2.6,6.48,6.08
1424.9,124.96,10.2,2896.0,0.0,6.08,6.27
1468.1,36.5,27.9,3099.0,0.2,6.27,9.01
1501.1,35.5,30.5,3124.0,-0.3,9.01,14.55
1506.2,88.46,5.1,3124.0,-1.0,14.55,14.92
1513.8,116.29,2.5,3124.0,-0.1,14.92,11.83
1518.9,128.46,2.5,3175.0,1.0,11.83,9.52
1531.6,77.17,12.7,3226.0,-1.6,9.52,10.05
1546.9,140.5,10.2,3302.0,-2.8,10.05,9.28
1585.0,140.92,30.5,3505.0,0.7,9.28,10.03
1567.2,226.04,2.5,3327.0,6.3,10.03,9.79
1574.8,122.17,2.5,3277.0,4.3,9.79,9.15
1579.9,230.08,0.0,3251.0,2.4,9.15,8.25
1579.9,182.46,0.0,3175.0,4.1,8.25,7.13
1569.7,169.04,0.0,3150.0,5.4,7.13,6.31
1564.6,198.83,0.0,3124.0,7.9,6.31,5.67
1554.5,145.54,0.0,3073.0,4.5,5.67,5.12
1549.4,156.08,2.5,3023.0,3.2,5.12,4.65
1562.1,120.83,7.6,3048.0,-0.7,4.65,4.26
1572.3,88.08,5.1,3099.0,-1.9,4.26,3.91
1577.3,229.25,5.1,3023.0,0.1,3.91,3.58
1579.9,225.17,5.1,3023.0,-0.4,3.58,3.37
1605.3,45.17,15.2,3150.0,-0.2,3.37,3.19
1671.3,144.71,45.7,3632.0,-2.8,3.19,11.85
1686.6,213.58,17.8,3658.0,-3.7,11.85,9.36
1686.6,273.58,0.0,3607.0,0.3,9.36,7.44
1689.1,277.04,0.0,3454.0,9.6,7.44,6.26
1714.5,101.29,15.2,3378.0,-0.1,6.26,5.79
1752.6,88.71,22.9,3632.0,-4.2,5.79,5.26
1790.7,112.92,25.4,3861.0,-4.6,5.26,5.36
1826.3,127.33,17.8,4115.0,-3.9,5.36,5.63
1828.8,194.12,22.9,4089.0,-5.0,5.63,5.65
1839.0,187.12,7.6,4064.0,-5.2,5.65,5.55
1844.0,130.83,7.6,4013.0,-5.1,5.55,5.27
1849.1,203.75,0.0,3962.0,-3.9,5.27,5.06
1854.2,151.42,5.1,3962.0,-3.8,5.06,5.15
1856.7,268.5,2.5,3835.0,-1.3,5.15,4.9
1879.6,99.5,15.2,4039.0,0.5,4.9,7.4
1884.7,191.54,7.6,3962.0,-1.3,7.4,13.88
1892.3,173.08,2.5,4039.0,-1.2,13.88,11.23
1897.4,170.5,7.6,3962.0,0.2,11.23,10.52
1902.5,173.46,2.5,3962.0,0.4,10.52,10.57
1869.4,301.42,2.5,3886.0,2.1,10.57,9.32
1854.2,284.88,0.0,3810.0,5.4,9.32,8.34
1864.4,154.67,2.5,3759.0,2.2,8.34,8.6
1894.8,110.67,7.6,3734.0,-1.3,8.6,8.47
1907.5,152.92,5.1,3759.0,-0.7,8.47,7.84
1912.6,211.25,2.5,3708.0,-0.5,7.84,6.96
1920.2,293.42,2.5,3734.0,1.5,6.96,6.19
1917.7,168.54,17.8,3734.0,2.3,6.19,7.66
1922.8,260.04,0.0,3683.0,4.2,7.66,7.23
1955.8,186.62,20.3,3734.0,2.2,7.23,6.94
1955.8,115.67,7.6,3683.0,1.9,6.94,6.16
1958.3,257.46,0.0,3632.0,7.5,6.16,5.51
1986.3,129.0,27.9,3632.0,2.7,5.51,6.28
1996.4,81.46,35.6,3759.0,1.2,6.28,9.32
2009.1,102.04,25.4,3835.0,-0.7,9.32,14.26
2004.1,162.42,2.5,3785.0,-1.3,14.26,12.23
2011.7,170.71,5.1,3759.0,-1.2,12.23,9.82
2009.1,195.08,0.0,3759.0,-0.5,9.82,8.2
2016.8,289.88,5.1,3759.0,1.0,8.2,6.94
2044.7,101.62,20.3,3937.0,-0.6,6.94,6.84
2054.9,268.79,10.2,3912.0,-0.1,6.84,6.68
2087.9,151.92,15.2,3810.0,4.0,6.68,6.21
2159.0,110.71,15.2,3734.0,6.1,6.21,6.43
2093.0,166.96,0.0,3683.0,3.1,6.43,7.66
2054.9,295.25,0.0,3632.0,3.1,7.66,7.11
2103.1,179.54,30.5,3658.0,1.5,7.11,7.14
2075.2,129.46,15.2,3734.0,-0.3,7.14,7.21
2065.0,221.75,0.0,3658.0,1.6,7.21,6.48
2059.9,352.75,0.0,3658.0,3.7,6.48,5.76
2057.4,338.33,0.0,3607.0,6.3,5.76,5.09
2108.2,290.38,0.0,3556.0,5.7,5.09,4.55
2080.3,204.88,2.5,3505.0,5.0,4.55,4.14
2110.7,243.96,0.0,3454.0,6.6,4.14,3.81
2062.5,161.25,7.6,3404.0,6.8,3.81,3.56
2052.3,164.04,7.6,3378.0,4.0,3.56,3.53
2026.9,128.0,7.6,3353.0,3.1,3.53,3.41
2016.8,152.58,5.1,3302.0,1.8,3.41,4.53
2006.6,170.29,0.0,3302.0,2.1,4.53,4.1
2016.8,212.04,0.0,3251.0,8.7,4.1,3.74
2016.8,220.46,0.0,3175.0,9.0,3.74,3.5
2011.7,214.38,15.2,3124.0,9.5,3.5,3.26
1971.0,116.0,10.2,3073.0,6.2,3.26,3.24
1953.3,204.38,15.2,2997.0,6.7,3.24,3.25
1935.5,127.67,27.9,2997.0,5.8,3.25,8.85
1897.4,131.46,0.0,2946.0,3.5,8.85,8.89
1879.6,291.5,0.0,2896.0,8.7,8.89,6.8
1861.8,283.62,0.0,2845.0,8.7,6.8,5.48
1866.9,120.92,63.5,2769.0,8.0,5.48,5.35
1818.6,154.12,15.2,2718.0,7.1,5.35,9.45
1780.5,242.62,0.0,2591.0,7.0,9.45,9.53
1767.8,130.29,10.2,2565.0,3.2,9.53,8.24
1772.9,100.29,12.7,2565.0,1.4,8.24,7.39
1770.4,92.0,7.6,2616.0,2.1,7.39,7.23
1767.8,187.5,5.1,2565.0,6.7,7.23,6.43
1752.6,245.38,0.0,2515.0,6.6,6.43,5.66
1745.0,92.25,10.2,2515.0,4.5,5.66,5.07
1732.3,66.54,5.1,2489.0,3.3,5.07,4.53
1714.5,90.12,0.0,2438.0,4.3,4.53,4.04
1691.6,131.21,0.0,2337.0,5.2,4.04,3.65
1666.2,308.5,0.0,2261.0,10.2,3.65,3.34
1625.6,283.29,0.0,2184.0,9.5,3.34,3.12
1579.9,343.71,0.0,2159.0,7.4,3.12,2.91
1544.3,385.92,0.0,2057.0,10.8,2.91,2.7
1493.5,382.5,0.0,1956.0,14.4,2.7,2.54
1440.2,382.54,0.0,1803.0,17.6,2.54,2.39
1374.1,361.75,0.0,1702.0,18.6,2.39,2.25
1348.7,275.62,0.0,1626.0,9.7,2.25,2.15
1297.9,259.67,0.0,1499.0,8.5,2.15,2.08
1249.7,359.25,0.0,1448.0,11.3,2.08,1.98
1201.4,378.25,0.0,1321.0,11.2,1.98,1.89
1153.2,330.54,0.0,1270.0,10.5,1.89,1.86
1145.5,130.92,2.5,1245.0,6.1,1.86,1.83
1104.9,290.08,0.0,1219.0,7.6,1.83,1.76
1084.6,212.12,0.0,1092.0,10.2,1.76,1.66
1043.9,113.96,0.0,991.0,9.9,1.66,1.85
998.2,224.5,0.0,838.0,10.1,1.85,1.62
942.3,275.04,0.0,864.0,10.7,1.62,1.51
901.7,308.04,0.0,813.0,10.5,1.51,1.44
858.5,304.17,0.0,711.0,10.5,1.44,1.37
792.5,369.0,0.0,610.0,18.4,1.37,1.33
731.5,360.83,0.0,533.0,17.5,1.33,1.28
685.8,337.79,0.0,305.0,11.2,1.28,1.24
637.5,369.92,0.0,381.0,13.0,1.24,1.21
589.3,366.79,0.0,254.0,13.0,1.21,1.17
533.4,355.92,0.0,254.0,11.5,1.17,1.14
513.1,144.71,0.0,152.0,6.4,1.14,1.12
467.4,205.67,0.0,203.0,9.1,1.12,1.09
411.5,357.12,0.0,25.0,16.0,1.09,1.05
358.1,359.5,0.0,0.0,16.2,1.05,1.01
307.3,351.96,0.0,0.0,15.2,1.01,0.98
259.1,250.08,0.0,0.0,11.0,0.98,0.95
200.7,347.54,0.0,0.0,11.1,0.95,0.95
127.0,350.46,0.0,0.0,17.7,0.95,0.92
61.0,349.12,0.0,0.0,20.6,0.92,0.89
0.0,348.46,0.0,0.0,22.4,0.89,0.86
0.0,338.29,0.0,0.0,21.1,0.86,0.83
0.0,342.75,0.0,0.0,22.7,0.83,0.8
0.0,344.67,0.0,0.0,22.8,0.8,0.78
0.0,344.0,0.0,0.0,21.3,0.78,0.75
0.0,335.71,0.0,0.0,21.0,0.75,0.73
0.0,263.08,0.0,0.0,17.4,0.73,0.71
0.0,340.29,0.0,0.0,14.1,0.71,0.71
0.0,343.67,0.0,0.0,16.0,0.71,0.7
0.0,232.96,0.0,0.0,9.0,0.7,0.71
0.0,313.38,0.0,0.0,11.4,0.71,0.69
0.0,334.21,0.0,0.0,15.1,0.69,0.66
0.0,330.5,0.0,0.0,19.2,0.66,0.64
0.0,313.33,0.0,0.0,20.1,0.64,0.62
0.0,195.58,0.0,0.0,21.1,0.62,0.62
0.0,270.58,0.0,0.0,15.6,0.62,0.63
0.0,321.17,0.0,0.0,15.0,0.63,0.62
0.0,315.88,0.0,0.0,14.7,0.62,0.59
0.0,281.38,0.0,0.0,10.1,0.59,0.58
0.0,316.75,0.0,0.0,13.5,0.58,0.57
0.0,312.62,0.0,0.0,16.1,0.57,0.54
0.0,310.17,0.0,0.0,16.6,0.54,0.52
0.0,307.62,0.0,0.0,23.0,0.52,0.51
0.0,165.29,0.0,0.0,22.3,0.51,0.5
0.0,183.21,0.0,0.0,17.3,0.5,0.5
0.0,235.83,2.5,0.0,14.3,0.5,0.5
0.0,294.54,0.0,0.0,15.4,0.5,0.49
0.0,291.67,0.0,0.0,15.4,0.49,0.47
0.0,286.54,0.0,0.0,14.7,0.47,0.45
0.0,239.5,0.0,0.0,18.8,0.45,0.44
0.0,277.5,0.0,0.0,18.3,0.44,0.43
0.0,270.0,0.0,0.0,13.4,0.43,0.43
0.0,190.46,0.0,0.0,7.6,0.43,0.44
0.0,265.42,0.0,0.0,10.8,0.44,0.42
0.0,283.62,0.0,0.0,17.7,0.42,0.41
0.0,276.79,0.0,0.0,21.9,0.41,0.4
0.0,271.58,0.0,0.0,20.1,0.4,0.39
0.0,277.08,0.0,0.0,17.7,0.39,0.39
0.0,267.38,0.0,0.0,20.9,0.39,0.39
0.0,136.83,0.0,0.0,10.7,0.39,0.39
0.0,206.88,0.0,0.0,11.8,0.39,0.4
0.0,257.88,0.0,0.0,11.0,0.4,0.4
0.0,266.33,0.0,0.0,17.1,0.4,0.39
0.0,241.46,0.0,0.0,12.5,0.39,0.39
0.0,267.46,0.0,0.0,10.5,0.39,0.39
0.0,251.25,0.0,0.0,13.6,0.39,0.39
0.0,253.67,0.0,0.0,15.6,0.39,0.39
0.0,147.75,0.0,0.0,17.7,0.39,0.4
0.0,170.96,5.1,0.0,13.4,0.4,0.41
0.0,113.75,0.0,0.0,9.4,0.41,0.42
0.0,73.08,0.0,0.0,8.6,0.42,0.43
0.0,70.71,2.5,0.0,8.0,0.43,0.43
0.0,97.88,0.0,0.0,5.9,0.43,0.42
0.0,192.92,0.0,0.0,7.0,0.42,0.44
0.0,184.71,0.0,0.0,10.4,0.44,0.43
0.0,219.25,0.0,0.0,12.3,0.43,0.42
0.0,234.08,0.0,0.0,12.1,0.42,0.41
0.0,200.92,0.0,0.0,11.2,0.41,0.41
0.0,106.12,0.0,0.0,7.5,0.41,0.42
0.0,205.67,0.0,0.0,7.7,0.42,0.43
0.0,196.33,0.0,0.0,12.3,0.43,0.43
0.0,216.33,0.0,0.0,17.7,0.43,0.44
0.0,214.62,0.0,0.0,18.3,0.44,0.44
0.0,209.0,0.0,0.0,17.1,0.44,0.43
0.0,70.83,2.5,0.0,10.0,0.43,0.45
0.0,29.88,2.5,0.0,7.3,0.45,0.52
0.0,193.17,0.0,0.0,10.8,0.52,0.5
0.0,198.25,0.0,0.0,14.1,0.5,0.48
0.0,198.08,0.0,0.0,15.0,0.48,0.47
0.0,194.62,0.0,0.0,15.5,0.47,0.46
0.0,183.21,0.0,0.0,15.1,0.46,0.47
0.0,189.67,0.0,0.0,15.5,0.47,0.48
0.0,182.0,0.0,0.0,17.0,0.48,0.49
0.0,160.96,0.0,0.0,16.7,0.49,0.48
0.0,176.5,0.0,0.0,15.9,0.48,0.47
0.0,179.29,0.0,0.0,14.8,0.47,0.47
0.0,157.0,0.0,0.0,10.8,0.47,0.46
0.0,170.17,0.0,0.0,10.1,0.46,0.46
0.0,174.04,0.0,0.0,15.6,0.46,0.46
0.0,173.5,0.0,0.0,15.7,0.46,0.46
0.0,168.42,0.0,0.0,15.0,0.46,0.45
0.0,162.33,0.0,0.0,14.8,0.45,0.44
0.0,166.83,0.0,0.0,15.0,0.44,0.44
0.0,163.38,0.0,0.0,14.6,0.44,0.43
0.0,160.88,0.0,0.0,14.8,0.43,0.45
0.0,151.79,0.0,0.0,15.4,0.45,0.45
0.0,109.88,2.5,0.0,9.6,0.45,0.44
17.8,37.33,17.8,102.0,1.7,0.44,0.52
25.4,44.79,17.8,127.0,0.0,0.52,0.87
22.9,77.75,2.5,102.0,-0.5,0.87,0.54
58.4,24.5,43.2,203.0,0.7,0.54,0.63
81.3,35.71,25.4,432.0,0.3,0.63,1.24
91.4,65.67,20.3,457.0,-0.4,1.24,1.72
96.5,62.25,2.5,381.0,1.9,1.72,0.71
91.4,67.42,7.6,330.0,3.2,0.71,0.67
86.4,87.54,0.0,330.0,3.1,0.67,0.62
121.9,24.17,63.5,152.0,3.2,0.62,0.57
78.7,21.33,66.0,203.0,2.2,0.57,4.06
81.3,71.92,5.1,229.0,-1.6,4.06,1.97
81.3,43.54,5.1,254.0,-3.3,1.97,1.58
121.9,43.67,61.0,457.0,-2.7,1.58,1.38
154.9,9.42,236.2,356.0,3.5,1.38,22.37
149.9,37.75,17.8,457.0,-2.8,22.37,21.51
177.8,34.08,33.0,737.0,-2.7,21.51,12.87
182.9,37.08,10.2,762.0,-3.3,12.87,8.55
182.9,54.42,0.0,737.0,-2.1,8.55,5.88
180.3,96.17,0.0,635.0,-3.0,5.88,4.52
180.3,66.33,0.0,610.0,-3.7,4.52,3.74
177.8,41.21,0.0,635.0,-1.6,3.74,3.27
175.3,105.92,0.0,635.0,-2.0,3.27,2.91
180.3,85.21,0.0,635.0,-0.4,2.91,2.62
182.9,105.67,0.0,610.0,1.8,2.62,2.42
180.3,103.83,0.0,610.0,6.3,2.42,2.25
180.3,106.33,0.0,584.0,7.9,2.25,2.13
180.3,87.38,0.0,584.0,-3.0,2.13,2.04
185.4,101.75,0.0,584.0,-0.3,2.04,1.94
188.0,95.08,0.0,559.0,3.3,1.94,1.84
190.5,89.88,0.0,559.0,3.5,1.84,1.76
177.8,39.88,0.0,533.0,4.4,1.76,1.69
210.8,10.04,40.6,584.0,2.1,1.69,2.85
208.3,63.96,2.5,584.0,0.5,2.85,3.13
200.7,81.04,0.0,584.0,9.5,3.13,2.57
210.8,20.21,5.1,610.0,3.35,2.57,2.72
213.4,30.54,7.6,635.0,-2.8,2.72,2.87
251.5,26.12,30.5,787.0,-3.3,2.87,4.56
264.2,37.58,20.3,965.0,-5.2,4.56,4.33
302.3,29.96,43.2,1295.0,-5.6,4.33,4.04
348.0,15.58,50.8,1448.0,-3.5,4.04,14.21
360.7,26.83,15.2,1473.0,-6.2,14.21,8.25
365.8,33.62,5.1,1422.0,-5.6,8.25,5.68
370.8,62.04,2.5,1448.0,-2.9,5.68,4.75
373.4,20.38,7.6,1372.0,-2.9,4.75,4.12
381.0,41.04,12.7,1372.0,-1.6,4.12,3.91
383.5,19.42,2.5,1397.0,-3.0,3.91,3.91
386.1,81.38,0.0,1397.0,-2.7,3.91,3.83
411.5,31.54,20.3,1473.0,-2.3,3.83,7.67
447.0,52.38,30.5,1524.0,-3.4,7.67,9.2
464.8,14.46,20.3,1575.0,-0.1,9.2,21.13
469.9,24.88,0.0,1600.0,-1.8,21.13,18.82
475.0,30.75,0.0,1676.0,-3.9,18.82,14.6
477.5,39.71,0.0,1600.0,-4.2,14.6,10.86
480.1,52.62,2.5,1473.0,-1.9,10.86,8.35
480.1,55.21,0.0,1499.0,-1.8,8.35,6.83
485.1,76.12,0.0,1448.0,0.4,6.83,5.86
487.7,61.25,0.0,1473.0,-2.7,5.86,5.21
500.4,14.67,12.7,1549.0,-5.1,5.21,4.91
518.2,20.04,15.2,1651.0,-6.3,4.91,4.41
576.6,8.92,50.8,1880.0,-3.4,4.41,7.21
581.7,14.17,0.0,1803.0,-10.0,7.21,7.78
594.4,49.58,5.1,1803.0,-13.1,7.78,6.36
591.8,13.71,53.3,1778.0,1.7,6.36,6.42
599.4,5.04,53.3,1600.0,3.8,6.42,16.24
584.2,15.88,5.1,1524.0,4.8,16.24,22.03
624.8,16.83,83.8,1346.0,4.5,22.03,26.83
645.2,11.79,66.0,1600.0,0.8,26.83,39.43
647.7,26.38,7.6,1600.0,-2.5,39.43,31.84
662.9,13.83,20.3,1651.0,-0.6,31.84,20.68
688.3,16.88,25.4,1676.0,-0.1,20.68,20.44
696.0,34.25,25.4,1702.0,-0.1,20.44,19.16
